operator,follows,follows_display_name
Curiousjorge65,PennStateFball,Penn State Football
Curiousjorge65,OnwardState,Onward State
Curiousjorge65,coachjfranklin,James Franklin
Curiousjorge65,PSUBarstool,Barstool Penn State
Curiousjorge65,SeanFitzOn3,Sean Fitz
Curiousjorge65,GoPSUsports,Penn State Athletics
Curiousjorge65,McSorley_IX,Trace McSorley
Curiousjorge65,brandonshort43,Brandon Short
Curiousjorge65,Tali43,Adam Taliaferro
Curiousjorge65,jasoncabinda,Jason Cabinda
Curiousjorge65,haleyboy10,Grant Haley
Curiousjorge65,nickshirleyy,Nick shirley
Curiousjorge65,amendandpretend,Amend and Pretend
Curiousjorge65,NVIDIADC,NVIDIA Data Center
Curiousjorge65,NotebookLM,NotebookLM
Curiousjorge65,Polymarket,Polymarket
Curiousjorge65,tickerplus,TickerTrends 
Curiousjorge65,stockthoughts81,Uncovering Value
Curiousjorge65,arakharazian,Ara Kharazian
Curiousjorge65,abialecki,Andrew Bialecki
Curiousjorge65,MS_BASE44,Maor Shlomo
Curiousjorge65,SleeperJets,SleeperJets
Curiousjorge65,NASAAdmin,NASA Administrator Jared Isaacman
Curiousjorge65,birenbomb,Gabby Birenbaum
Curiousjorge65,AIStockSavvy,Hardik Shah
Curiousjorge65,Casspi18,Omri Casspi עומרי משה כספי
Curiousjorge65,Nominal_io,Nominal
Curiousjorge65,SalesforceNews,Salesforce News & Insights
Curiousjorge65,Jeffreyw5000,Jeff Weinstein 
Curiousjorge65,daniel_levine,Daniel Levine
Curiousjorge65,SzAriel,Ariel Szarfsztejn
Curiousjorge65,maticrobots,Matic Robots
Curiousjorge65,aniehenke,Alexander Niehenke
Curiousjorge65,Srwarrington,Sean Warrington
Curiousjorge65,LindyInvestor,Lindy Investor
Curiousjorge65,lacostejonathan,Jonathan Lacoste
Curiousjorge65,SecScottBessent,Treasury Secretary Scott Bessent
Curiousjorge65,ejogren,Erik Ogren
Curiousjorge65,Xometry,Xometry
Curiousjorge65,joeschmidtiv,Joe Schmidt IV
daltonc,garrytan,Garry Tan
daltonc,Suhail,Suhail
daltonc,alexandr_wang,Alexandr Wang
daltonc,ycombinator,Y Combinator
daltonc,bchesky,Brian Chesky
daltonc,jasonlk,Jason 
daltonc,rrhoover,Ryan Hoover
daltonc,patrickc,Patrick Collison
daltonc,natfriedman,Nat Friedman
daltonc,jaltma,Jack Altman
daltonc,frantzfries,Chris Frantz
daltonc,rabois,Keith Rabois
daltonc,hdubugras,Henrique Dubugras
daltonc,yuris,Yuri Sagalov
daltonc,justinkan,Justin Kan
daltonc,immad,immad
daltonc,andrewchen,andrew chen
daltonc,m2jr,"Mike Maples, Jr"
daltonc,jasoncwarner,Jason Warner
daltonc,kvogt,Kyle Vogt
daltonc,glangley,Garrett Langley
daltonc,antifraudco,The Antifraud Company
daltonc,ACapitalLP,A Capital
daltonc,OriolVinyalsML,Oriol Vinyals
daltonc,CalebPeffer,Caleb Peffer (Hiring!)
daltonc,kcoleman,Keith Coleman 
daltonc,scootermontana,Nathaniel Montana
daltonc,robotaxi,Tesla Robotaxi
daltonc,nmasc_,Natasha Mascarenhas
daltonc,kabirnagral,Kabir Nagral
daltonc,sunguroku,Trevor Shim
daltonc,mhdempsey,Michael Dempsey
daltonc,emirayaaz,Emir
daltonc,politicalmath,PoIiMath
daltonc,magicpatterns,Magic Patterns
daltonc,spenserskates,Spenser Skates
daltonc,saarth_,Saarth Shah
daltonc,anneleeskates,Anne Lee Skates
daltonc,jhleath,Hunter Leath
daltonc,endowment_eddie,Endowment Eddie
daltonc,m_franceschetti,Matteo Franceschetti
systematicls,sloprules,John Hyslop
systematicls,kevinxu,Kevin Xu
systematicls,ptuomov,Ptuomov
systematicls,KevinLMak,Kevin Mak
systematicls,pedma7,pedma
systematicls,AnthropicAI,Anthropic
systematicls,mrjasonchoi,Jason Choi
systematicls,izebel_eth,jez (equity perps era)
systematicls,EffMktHype,𝐄𝐟𝐟𝐢𝐜𝐢𝐞𝐧𝐭 𝐌𝐚𝐫𝐤𝐞𝐭 𝐇𝐲𝐩𝐞
systematicls,TheFlowHorse,Ryan Scott (Horse)
systematicls,Vertox_DF,Vertox
systematicls,HangukQuant,HangukQuant
systematicls,pingpongsniping,pingpongsniping
systematicls,idro___,beaver quant
systematicls,MartinShkreli,Martin Shkreli
systematicls,skyquake_1,illiquidity providooooor
systematicls,moreproteinbars,Tina
systematicls,coastal_quant,Coastal Quant
systematicls,liquiditygoblin,Liquidity Goblin
systematicls,NathanWorsley_,Nathan Worsley 
systematicls,bauhiniacapital,baufinanciaphaster 
systematicls,TCK_JRubano,Joel Rubano
systematicls,chelseabfinn,Chelsea Finn
systematicls,SamuelAlbanie,Samuel Albanie 
systematicls,stanfordnlp,Stanford NLP Group
systematicls,halfkelly,Risk of Ruin Podcast
systematicls,roundrobin42,Isaac
systematicls,Gingfacekillah,Andrew Mack
systematicls,Quantaraum,quant
systematicls,BeatzXBT,BeatzXBT
systematicls,nishantkumar07,Nishant Kumar
systematicls,crypto_hades,rbit
systematicls,BenniKim,Kim BENNI
systematicls,idoccor,s
systematicls,nkreu113r,noah
systematicls,0xfdf,fdf
systematicls,thiccyth0t,thiccy
systematicls,OrthogonalAlpha,HFTguy
systematicls,SmokeTheBooks,Smoke the Books
systematicls,paulg,Paul Graham
systematicls,sama,Sam Altman
systematicls,quant_arb,Stat Arb
_Dave__White_,gakonst,Georgios Konstantopoulos
_Dave__White_,samczsun,samczsun
_Dave__White_,transmissions11,t11s
_Dave__White_,Fiskantes,daddy fiskantes 
_Dave__White_,tarunchitra,Tarun Chitra
_Dave__White_,statelayer,state
_Dave__White_,0xdoug,Doug Colkitt
_Dave__White_,0xtuba,tuba 
_Dave__White_,bertcmiller,@bertcmiller 
_Dave__White_,FrankieIsLost,frankie
_Dave__White_,dcbuilder,dcbuilder.eth 
_Dave__White_,danrobinson,Dan Robinson
_Dave__White_,smsunarto,Scott Sunarto
_Dave__White_,mikedemarais,mikedemarais.eth
_Dave__White_,MonetSupply,monetsupply.eth 
_Dave__White_,grugcapital,Grug 
_Dave__White_,libevm,libevm
_Dave__White_,dcfgod,DCF GOD
_Dave__White_,llllvvuu,L
_Dave__White_,0xcarnation,Carnation
_Dave__White_,testinprodcap,奶奶 capital
_Dave__White_,aradtski,Aradtski
_Dave__White_,Matthew_H_Cha,Matthew Cha
_Dave__White_,antifraudco,The Antifraud Company
_Dave__White_,OriolVinyalsML,Oriol Vinyals
_Dave__White_,JeffDean,Jeff Dean
_Dave__White_,arpandata,andy
_Dave__White_,kevingc,Kevin Chiu
_Dave__White_,lancenonce,Lance
_Dave__White_,datascraper69,HY | Sanctum
_Dave__White_,sanctumso,Sanctum 
_Dave__White_,DeFi_Cheetah,DeFi Cheetah - e/acc
_Dave__White_,0xLest,Lester
_Dave__White_,banditx0x,Whitehat Bandit
_Dave__White_,calldata,c
_Dave__White_,CupOJoseph,CupoJOSΞPH 
_Dave__White_,ballsyalchemist,"Yuki is short, so is life"
_Dave__White_,newmichwill,Michael Egorov
_Dave__White_,0xZergs,David | www.usd.ai
_Dave__White_,justinalick,Justin Alick
_Dave__White_,cocoahomology,Cocoahomology
_Dave__White_,elyx0,elyx0
_Dave__White_,catehall,Cate Hall
FEhrsam,yaringal,Yarin
FEhrsam,pabbeel,Pieter Abbeel
FEhrsam,chelseabfinn,Chelsea Finn
packyM,TurnerNovak,Turner Novak 
packyM,patrick_oshag,Patrick OShaughnessy
packyM,sarthakgh,Sar Haribhakti
packyM,eriktorenberg,Erik Torenberg
packyM,divine_economy,david phelps
packyM,nateliason,Nat Eliason
packyM,ljin18,Li Jin
packyM,mariogabriele,Mario Gabriele 
packyM,lmcorrigan1,Liam Corrigan
packyM,pfau,David Pfau
packyM,abcampbell,Campbell
packyM,jimprosser,Jim Prosser
packyM,JonathanRoss321,Jonathan Ross
packyM,RealChalamet,Timothée Chalamet
packyM,pratyushbuddiga,Pratyush
packyM,lukeigel,Luke Igel
packyM,CalebChamberla6,Caleb (OSH Cut)
packyM,johnkrausphotos,John Kraus
packyM,lizwessel,Liz Wessel
packyM,DrNRouleau,Nicolas Rouleau
packyM,glangley,Garrett Langley
packyM,lbolord,leveraged buyout lord
packyM,JeffDean,Jeff Dean
packyM,gregoryblotnick,Gregory Blotnick
packyM,NASAAdmin,NASA Administrator Jared Isaacman
packyM,ali_sivi,bald ann supreme
packyM,thesephist,Linus
packyM,scottyujan,Scott Yu-Jan
packyM,ryanzip,Ryan Oksenhorn
packyM,lil_dill,Katie Dill
packyM,embeeargh,Matthew Roberts
packyM,maxwellfarrens,Max Farrens
packyM,zackrosen_,Zack Rosen
packyM,uninsightful,nikhil
packyM,mattcynamon,Matt Cynamon
packyM,RyanLizza,Ryan Lizza
packyM,usgraphics,U.S. Graphics Company
packyM,rtwlz,Riley Walz
packyM,travisk,travis kalanick
packyM,lucasbagnocvaz,Lucas Vaz
packyM,AryVaidya,Ary Vaidya
packyM,ladanuzhna,lada
packyM,ResearchNgo,Richard
matthuang,samczsun,samczsun
matthuang,gakonst,Georgios Konstantopoulos
matthuang,pythianism,Vance Spencer
matthuang,transmissions11,t11s
matthuang,apolynya,polynya
matthuang,tarunchitra,Tarun Chitra
matthuang,mhonkasalo,mhonkasalo
matthuang,0xtuba,tuba 
matthuang,bertcmiller,@bertcmiller 
matthuang,santiagoroel,Santiago R Santos
matthuang,smsunarto,Scott Sunarto
matthuang,danrobinson,Dan Robinson
matthuang,MonetSupply,monetsupply.eth 
matthuang,FrankieIsLost,frankie
matthuang,QwQiao,qw
matthuang,KyleSamani,Kyle Samani
matthuang,rleshner,Robert Leshner
matthuang,ljxie,Linda Xie
matthuang,FrankResearcher,Igor Igamberdiev
matthuang,zxocw,olaf
matthuang,tempo,tempo
matthuang,WillManidis,Will Manidis
matthuang,Hayesfawcett3,Hayes Fawcett
matthuang,JeffDean,Jeff Dean
matthuang,SleeperJets,SleeperJets
matthuang,fradamt,Francesco
matthuang,ralexstokes,stokes
matthuang,repligate,j⧉nus
matthuang,chloe21e8,@CHLOE21E8
matthuang,jespow,Jesse Powell
matthuang,DaniPopes,DaniPopes
matthuang,__paleologo,Gappy (Giuseppe Paleologo)
matthuang,sentdefender,OSINTdefender
matthuang,iruletheworldmo,
matthuang,GrantStenger,Grant Stenger (hiring)
matthuang,goodalexander,goodalexander
matthuang,ciamac,ciamac moallemi
matthuang,signulll,signüll
matthuang,cremieuxrecueil,Crémieux
matthuang,leopoldasch,Leopold Aschenbrenner
matthuang,jtguibas,John Guibas
satyanadella,sundarpichai,Sundar Pichai
satyanadella,BradSmi,Brad Smith
satyanadella,panos_panay,Panos Panay
satyanadella,surface,Microsoft Surface
satyanadella,_MAnant,Anant Maheshwari
satyanadella,jeffteper,Jeff Teper
satyanadella,Azure,Microsoft Azure
satyanadella,msdev,Microsoft Developer
satyanadella,gdb,Greg Brockman
satyanadella,tbpn,TBPN
satyanadella,johncoogan,John Coogan
satyanadella,jordihays,Jordi Hays
satyanadella,mariorod1,Mario Rodriguez
satyanadella,jaredpalmer,Jared Palmer
satyanadella,asha_shar,Asha Sharma
satyanadella,amasad,Amjad Masad
satyanadella,code,Visual Studio Code
satyanadella,Nature,nature
satyanadella,ClementDelangue,clem 
satyanadella,MatthewBerman,Matthew Berman
satyanadella,dwarkesh_sp,Dwarkesh Patel
satyanadella,quocleix,Quoc Le
satyanadella,ashebytes,ashe
satyanadella,OriolVinyalsML,Oriol Vinyals
satyanadella,kmitford,Kathleen Mitford
satyanadella,MSCloud,Microsoft Cloud
satyanadella,Caglayan_Arkan,Caglayan Arkan
satyanadella,clamanna,Charles Lamanna
satyanadella,AmisMSFT,Ami Silverman
satyanadella,MSFTGarage,The Microsoft Garage
satyanadella,AgeOfEmpires,Age of Empires
satyanadella,MSFTAdvertising,Microsoft Advertising
satyanadella,BondSarah_Bond,BondSarahBond
satyanadella,Fredhum,Fred Humphries
satyanadella,RohanKData,Rohan Kumar
satyanadella,rodneyc55,Rodney Clark
satyanadella,WrightJacky1,Jacky Wright
satyanadella,jared_spataro,Jared Spataro
satyanadella,yusuf_i_mehdi,Yusuf Mehdi
satyanadella,Carmine_DiSibio,Carmine Di Sibio
balajis,amasad,Amjad Masad
balajis,Austen,Austen Allred
balajis,antoniogm,Antonio García Martínez (agm.eth)
balajis,nikitabier,Nikita Bier
balajis,Suhail,Suhail
balajis,garrytan,Garry Tan
balajis,ShaanVP,Shaan Puri
balajis,paraschopra,Paras Chopra
balajis,sriramk,Sriram Krishnan
balajis,shl,Sahil Lavingia
balajis,eriktorenberg,Erik Torenberg
balajis,rabois,Keith Rabois
balajis,iam_preethi,Preethi Kasireddy
balajis,jdkanani,Jaynti Kanani (JD)
balajis,webdevMason,Mason
balajis,m2jr,"Mike Maples, Jr"
balajis,EricJorgenson,Eric Jorgenson 
balajis,rivatez,Riva
balajis,vkhosla,Vinod Khosla
balajis,BrianNorgard,Norgard
balajis,cory,Cory Levy
balajis,yaringal,Yarin
balajis,abshkbh,Abhishek Bhardwaj
balajis,stanfordnlp,Stanford NLP Group
balajis,ember_energy,Ember
balajis,Arminn_Ai,ΛRMIN | AI
balajis,SciGuySpace,Eric Berger
balajis,dcbruck,𝙳𝚛𝚎𝚠 𝙱𝚛𝚞𝚌𝚔𝚎𝚛
balajis,angrypenguinPNG,Miguel | AP
balajis,BitcoinArchive,Bitcoin Archive
balajis,MachinePix,MachinePix
balajis,azed_ai,Amira Zairi
balajis,ManuelStotz,Manuel Stotz
balajis,tonstrat,tonstrat
balajis,mcrown,Max Crown
balajis,pavelslavrin,Pavels Lavrinovics
balajis,notnotstorm,storm
balajis,jessepollak,jesse.base.eth
balajis,QuentinAnthon15,Quentin Anthony
balajis,atomicunit,Nitin Shantharam
bgurley,patrick_oshag,Patrick OShaughnessy
bgurley,theallinpod,The All-In Podcast
bgurley,wolfejosh,Josh Wolfe
bgurley,trengriffin,Tren Griffin
bgurley,DanielSLoeb1,Daniel S. Loeb
bgurley,altcap,Brad Gerstner
bgurley,rabois,Keith Rabois
bgurley,m2jr,"Mike Maples, Jr"
bgurley,jaminball,Jamin Ball
bgurley,jrichlive,Jeff Richards
bgurley,ttunguz,Tomasz Tunguz
bgurley,BucknSF,Buck
bgurley,jaltma,Jack Altman
bgurley,msuster,Mark Suster
bgurley,andrewchen,andrew chen
bgurley,gilbert,Ben Gilbert
bgurley,mjmauboussin,Michael Mauboussin
bgurley,martin_casado,martin_casado
bgurley,jmj,Jeff Morris Jr.
bgurley,KTmBoyle,Katherine Boyle
bgurley,ashebytes,ashe
bgurley,JeffDean,Jeff Dean
bgurley,alexkshieh,Alex Shieh
bgurley,shaneparrish,Shane Parrish
bgurley,magooggie,maggie antone
bgurley,ckaiwu,Kai Wu
bgurley,MaikeMorrison,Maike Morrison
bgurley,NACEOrg,National Association of Colleges and Employers
bgurley,morganhousel,Morgan Housel
bgurley,nickkokonas,nick kokonas
bgurley,R_Thaler,Richard H Thaler
bgurley,zingales_,Luigi Zingales
bgurley,Ladiesver,Luigi Zingales
bgurley,kevinschaul,Kevin Schaul
bgurley,bearlyai,Bearly AI
bgurley,jselingo,Jeff Selingo
bgurley,PatrickMcGee_,Patrick McGee
bgurley,evadou,Eva Dou
bgurley,WillManidis,Will Manidis
DavidSacks,pmarca,Marc Andreessen 
DavidSacks,micsolana,Mike Solana
DavidSacks,stevenmarkryan,stevenmarkryan
DavidSacks,farzyness,Farzad
DavidSacks,Austen,Austen Allred
DavidSacks,antoniogm,Antonio García Martínez (agm.eth)
DavidSacks,theallinpod,The All-In Podcast
DavidSacks,jasondebolt,Jason DeBolt 
DavidSacks,garrytan,Garry Tan
DavidSacks,HarryStebbings,Harry Stebbings
DavidSacks,sriramk,Sriram Krishnan
DavidSacks,chamath,Chamath Palihapitiya
DavidSacks,JTLonsdale,Joe Lonsdale
DavidSacks,jasonlk,Jason 
DavidSacks,all_in_tok,ALL-IN TOK
DavidSacks,rabois,Keith Rabois
DavidSacks,altcap,Brad Gerstner
DavidSacks,DanielSLoeb1,Daniel S. Loeb
DavidSacks,JonathanRoss321,Jonathan Ross
DavidSacks,nickshirleyy,Nick shirley
DavidSacks,antifraudco,The Antifraud Company
DavidSacks,rsalakhu,Russ Salakhutdinov
DavidSacks,JeffDean,Jeff Dean
DavidSacks,perrymetzger,Perry E. Metzger
DavidSacks,growing_daniel,Daniel
DavidSacks,AsiaLens,Demetri
DavidSacks,fengchucheng,Chucheng Feng
DavidSacks,LeadingFutureAI,Leading the Future
DavidSacks,peterwildeford,Peter Wildeford
DavidSacks,miramurati,Mira Murati
DavidSacks,kadmitriev,Kirill Dmitriev
DavidSacks,AdamThierer,Adam Thierer
DavidSacks,Collin_McCune,Collin McCune
DavidSacks,AMB_Alhamed,Abdulla M Alhamed
DavidSacks,the_jefferymead,Jeffery Mead
DavidSacks,MrsErikaKirk,Erika Kirk
DavidSacks,zijing_wu,Zijing Wu
DavidSacks,WallStreetApes,Wall Street Apes
DavidSacks,andrewdfeldman,Andrew Feldman
mwseibel,huggingface,Hugging Face
mwseibel,drfeifei,Fei-Fei Li
mwseibel,JeffDean,Jeff Dean
abcampbell,BobEUnlimited,Bob Elliott
abcampbell,dampedspring,Andy Constan
abcampbell,AndreasSteno,Andreas Steno Larsen
abcampbell,biancoresearch,Jim Bianco
abcampbell,PauloMacro,Paulo Macro
abcampbell,profplum99,Michael Green
abcampbell,SantiagoAuFund,Santiago Capital
abcampbell,agnostoxxx,Le Shrub
abcampbell,dailydirtnap,Jared Dillian
abcampbell,ShortSeller,ShortSeller
abcampbell,UrbanKaoboy,Michael Kao
abcampbell,conksresearch,Conks
abcampbell,donnelly_brent,ʎllǝuuop ʇuǝɹq
abcampbell,josephwang,Joseph Wang
abcampbell,hkuppy,Kuppy
abcampbell,DiMartinoBooth,Danielle DiMartino Booth
abcampbell,JoshYoung,Josh Young
abcampbell,EconguyRosie,David Rosenberg
abcampbell,DariusDale42,Darius Dale
abcampbell,ConvexityMaven,ConvexityMaven
abcampbell,antifraudco,The Antifraud Company
abcampbell,abshkbh,Abhishek Bhardwaj
abcampbell,strongviking66,Strongviking66
abcampbell,ArtificialAnlys,Artificial Analysis
abcampbell,stepfanie,stepfanie tyler
abcampbell,JoinFAI,Foundation for American Innovation 
abcampbell,77cyko,eKohnomics
abcampbell,peterwildeford,Peter Wildeford
abcampbell,Flighty,Flighty
abcampbell,PLA_MilitaryUpd,PLA Military Updates
abcampbell,TerriWuEpoch,Terri Wu
abcampbell,mcuban,Mark Cuban
abcampbell,sophiabrownh,Sophia Brown
abcampbell,Joel_P_Atkinson,Joel Atkinson
abcampbell,FadeAway_Inc,FadeAway
abcampbell,IAmAdamRobinson,Adam Robinson
abcampbell,LizzyStarrrdust,LIZZY
nikunj,paulg,Paul Graham
nikunj,nikitabier,Nikita Bier
nikunj,amasad,Amjad Masad
nikunj,pitdesi,Sheel Mohnot
nikunj,levie,Aaron Levie
nikunj,shreyas,Shreyas Doshi
nikunj,petergyang,Peter Yang
nikunj,sarthakgh,Sar Haribhakti
nikunj,tanayj,Tanay Jaipuria
nikunj,Suhail,Suhail
nikunj,justindross,JD Ross
nikunj,jeff_weinstein,Jeff Weinstein
nikunj,lennysan,Lenny Rachitsky
nikunj,akothari,Akshay Kothari
nikunj,patio11,Patrick McKenzie
nikunj,zachweinberg,Tweets from Zach Weinberg
nikunj,scottbelsky,scott belsky
nikunj,GarshytHoel,harsh
nikunj,zoink,Dylan Field
nikunj,jaltma,Jack Altman
nikunj,tsaicapital,Christopher Tsai
nikunj,ctindale,Craig Tindale
nikunj,JeffDean,Jeff Dean
nikunj,AdamLMahoney,adam mahoney (he/him)
nikunj,jparkerholder,Jack Parker-Holder
nikunj,yanatweets,Yana Welinder
nikunj,nedoleary,Ned O'Leary
nikunj,grx_xce,Grace Li
nikunj,bephrem,Benyam Ephrem
nikunj,mavolpi,Mike Volpi
nikunj,helen_min,Helen Min
nikunj,fofrAI,fofr
nikunj,masonwang025,Mason Wang
nikunj,stochasticchasm,stochasm
nikunj,JustJake,Jake
nikunj,seflless,Francois Laberge 
nikunj,Vtrivedy10,Viv
nikunj,1a3orn,1a3orn
nikunj,ti_morse,Ti Morse
nikunj,ekuyda,Eugenia Kuyda
nikunj,achowdhery,Aakanksha Chowdhery
krisfredrickson,pmarca,Marc Andreessen 
krisfredrickson,paulg,Paul Graham
krisfredrickson,levie,Aaron Levie
krisfredrickson,HarryStebbings,Harry Stebbings
krisfredrickson,garrytan,Garry Tan
krisfredrickson,alexandr_wang,Alexandr Wang
krisfredrickson,ttunguz,Tomasz Tunguz
krisfredrickson,DanielSLoeb1,Daniel S. Loeb
krisfredrickson,micsolana,Mike Solana
krisfredrickson,arampell,Alex Rampell
krisfredrickson,zoink,Dylan Field
krisfredrickson,Austen,Austen Allred
krisfredrickson,BillAckman,Bill Ackman
krisfredrickson,NWischoff,Nichole Wischoff
krisfredrickson,Selkis_2028,Ryan Selkis (d/acc) 
krisfredrickson,tobi,tobi lutke
krisfredrickson,jrichlive,Jeff Richards
krisfredrickson,amasad,Amjad Masad
krisfredrickson,rabois,Keith Rabois
krisfredrickson,bznotes,Bilal Zuberi
krisfredrickson,damndanielliem,Daniel C. Liem
krisfredrickson,absoluttig,John Luttig
krisfredrickson,quocleix,Quoc Le
krisfredrickson,chelseabfinn,Chelsea Finn
krisfredrickson,SleeperJets,SleeperJets
krisfredrickson,juicebox_work,Juicebox
krisfredrickson,merritthummer,Merritt Hummer
krisfredrickson,emergentlabs,Emergent
krisfredrickson,RonMiasnik,ron
krisfredrickson,DylanAbruscato,Dylan Abruscato
krisfredrickson,BrainCo_AI,Brain Co
krisfredrickson,jaredkushner,Jared Kushner
krisfredrickson,chanpory,Chanpory
krisfredrickson,pers_leon,Leonid Persiantsev
krisfredrickson,chrishlad,Chris Hladczuk
krisfredrickson,ETHZilla_ETHZ,ETHZilla
krisfredrickson,AcquiredFM,Acquired Podcast
krisfredrickson,mikealfred,Mike Alfred
krisfredrickson,AIatMeta,AI at Meta
krisfredrickson,colin__flaherty,Colin Flaherty
krisfredrickson,0xChaosWalking,Jonathan Man
krisfredrickson,baldridgecpa,Mitchell Baldridge
soleio,jsngr,Jordan Singer
soleio,brian_lovin,Brian Lovin
soleio,davidhoang,David Hoang
soleio,rsms,Rasmus Andersson
soleio,mds,MDS
soleio,rogie,˗ˏˋ rogie ˎˊ˗
soleio,joshm,Josh Miller
soleio,donaldjewkes,donald
soleio,NelsonNoa,Nelson Noa
soleio,supermemory,supermemory
soleio,trycrosspost,Crosspost
soleio,bcherny,Boris Cherny
soleio,z0oks,Andrew Gadzik ▲
soleio,svlevine,Sergey Levine
soleio,SirKneeland,John Kneeland
soleio,_aklil0,aklil
soleio,odysseymovie,The Odyssey Movie
soleio,rtwlz,Riley Walz
soleio,nathanbaugh27,Nathan Baugh
soleio,Skye,skye
soleio,TOEwithCurt,Curt Jaimungal
soleio,JonathanSadeghi,Jonathan Sadeghi
soleio,antifraudco,The Antifraud Company
soleio,SleeperJets,SleeperJets
soleio,CrusoeAI,Crusoe
soleio,operatecrm,Operate
soleio,theaustlee,Austin Lee
soleio,hannah_hearth,Hannah Hearth
soleio,Mkclements,Miles Clements
soleio,andrewmccalip,Andrew McCalip
soleio,rohankatyal29,Rohan Katyal (Hiring eng in SF)
soleio,vantaraai,Vantara AI
soleio,merycodes,Mery
soleio,johnlindquist,John Lindquist
soleio,zack_overflow,zack
soleio,AdamFrank4,Adam Frank
soleio,YaelBienenstock,Yaël Bienenstock
soleio,johnxie,John Xie
soleio,theonlyAyo,Ayo
soleio,tnkrdotai,tnkr
soleio,brysonkjones,Bryson Jones
qasar,paulg,Paul Graham
qasar,pmarca,Marc Andreessen 
qasar,garrytan,Garry Tan
qasar,naval,Naval
qasar,alexandr_wang,Alexandr Wang
qasar,bznotes,Bilal Zuberi
qasar,ylecun,Yann LeCun
qasar,alexisohanian,Alexis Ohanian 
qasar,wolfejosh,Josh Wolfe
qasar,patrickc,Patrick Collison
qasar,jaltma,Jack Altman
qasar,olivercameron,Oliver Cameron
qasar,kaifulee,Kai-Fu Lee
qasar,AndrewYNg,Andrew Ng
qasar,drfeifei,Fei-Fei Li
qasar,karpathy,Andrej Karpathy
qasar,annimaniac,Ann Miura-Ko 
qasar,BradPorter_,Brad Porter
qasar,paultoo,Paul Buchheit
qasar,brian_armstrong,Brian Armstrong
qasar,SleeperJets,SleeperJets
qasar,lilianweng,Lilian Weng
qasar,samirmenon,Samir Menon
qasar,eriktorenberg,Erik Torenberg
qasar,tanay_tandon,Tanay Tandon
qasar,buckymoore,Bucky Moore
qasar,SaleemSKhatri,Saleem S. Khatri
qasar,jykishi,Josie Kishi
qasar,ankrgyl,Ankur Goyal
qasar,breeves08,Brandon Reeves
qasar,LM_Braswell,"""Leigh Marie"" Braswell"
qasar,kimberlywtan,Kimberly Tan
qasar,ChristopherFong,Christopher Fong
qasar,oao84,Osman (Ozzie) Osman
qasar,zafir,zafir
qasar,elatable,Bradley Horowitz
qasar,shabihr,Shabih Rizvi
qasar,gbrulte,Grayson Brulte
qasar,arjunsethi,Arjun Sethi
qasar,htaneja,Hemant Taneja
qasar,Harvard,Harvard University
LM_Braswell,rabois,Keith Rabois
LM_Braswell,bernhardsson,Erik Bernhardsson
LM_Braswell,KTmBoyle,Katherine Boyle
LM_Braswell,Pavel_Asparagus,Pavel Asparouhov
LM_Braswell,itunpredictable,sisyphus bar and grill
LM_Braswell,terronk,Lee Edwards
LM_Braswell,kwharrison13,Kyle Harrison
LM_Braswell,martin_casado,martin_casado
LM_Braswell,daltonc,Dalton Caldwell
LM_Braswell,Bfaviero,Bruno F | Magna
LM_Braswell,DeltaInstitutes,Delta Institute
LM_Braswell,JoanneZPeng,Joanne Peng
LM_Braswell,theombl,Theo Bleier
LM_Braswell,sofiecyang,Sofie Yang
LM_Braswell,zackmziegler,Zachary Ziegler
LM_Braswell,glangley,Garrett Langley
LM_Braswell,paradigm,Paradigm
LM_Braswell,GuanniQu,Jenny Qu
LM_Braswell,FrancoisChauba1,Francois Chaubard
LM_Braswell,ycinnewyork,Yiatin Chu
LM_Braswell,Yikang_Shen,Yikang Shen
LM_Braswell,benebwolff,Benedict Wolff
LM_Braswell,chelseabfinn,Chelsea Finn
LM_Braswell,antifraudco,The Antifraud Company
LM_Braswell,hugo_larochelle,Hugo Larochelle
LM_Braswell,unconvAI,Unconventional AI
LM_Braswell,RoadrunnerAI,Roadrunner
LM_Braswell,big_algocracy,phil
LM_Braswell,quinnfavret,Quinn Favret
LM_Braswell,vijayeraji,Vijaye Raji
LM_Braswell,ArthBohra,Arth Bohra
LM_Braswell,reductoai,Reducto
LM_Braswell,aditabrm,Adit
LM_Braswell,emrebsonmez,Emre Sonmez
LM_Braswell,thaiscbranco_,Thais Castello Branco
LM_Braswell,jialim__,Jia Lim
LM_Braswell,ailimcgregor,Aili McGregor
LM_Braswell,binarybits,Timothy B. Lee
LM_Braswell,trbrashears,Travis Brashears
LM_Braswell,whelan_boyd,Whelan Boyd
LM_Braswell,Benioff,Marc Benioff
LM_Braswell,fhinkel,"Franziska Hinkelmann, PhD"
finn_meeks,JeffDean,Jeff Dean
finn_meeks,birenbomb,Gabby Birenbaum
finn_meeks,JacksonKernion,Jackson Kernion
ericvishria,patrick_oshag,Patrick OShaughnessy
ericvishria,HarryStebbings,Harry Stebbings
ericvishria,BucknSF,Buck
ericvishria,trengriffin,Tren Griffin
ericvishria,jrichlive,Jeff Richards
ericvishria,sarthakgh,Sar Haribhakti
ericvishria,DanielSLoeb1,Daniel S. Loeb
ericvishria,m2jr,"Mike Maples, Jr"
ericvishria,danprimack,Dan Primack
ericvishria,ttunguz,Tomasz Tunguz
ericvishria,modestproposal1,modest proposal
ericvishria,altcap,Brad Gerstner
ericvishria,blakeir,Blake Robbins
ericvishria,andrew__reed,Andrew Reed
ericvishria,bznotes,Bilal Zuberi
ericvishria,gilbert,Ben Gilbert
ericvishria,loganbartlett,logan bartlett
ericvishria,rabois,Keith Rabois
ericvishria,martin_casado,martin_casado
ericvishria,joshelman,Josh Elman
ericvishria,richeisen,Rich Eisen
ericvishria,rsalakhu,Russ Salakhutdinov
ericvishria,drfeifei,Fei-Fei Li
ericvishria,thegautamkamath,Gautam Kamath
ericvishria,anoushkavaswani,Anoushka Vaswani
ericvishria,KexinHuang5,Kexin Huang
ericvishria,jaltma,Jack Altman
ericvishria,Gwynne_Shotwell,Gwynne Shotwell
ericvishria,TurnerNovak,Turner Novak 
ericvishria,ashleevance,Ashlee Vance
ericvishria,DrMEisenberg,Michael Eisenberg
ericvishria,ArfurRock,Arfur Rock
ericvishria,hidecloud,hidecloud
ericvishria,kanjun,Kanjun 
ericvishria,IO__podcast,IO Podcast
ericvishria,tbpn,TBPN
ericvishria,bryce,Bryce Roberts
ericvishria,sonyatweetybird,Sonya Huang 
ericvishria,ColeRotman,Cole Rotman
ericvishria,semaforben,Ben Smith
ericvishria,drvdhruv,Dhruv Malrana
GavinSBaker,patrick_oshag,Patrick OShaughnessy
GavinSBaker,FrederikNeckar,Frederik Gieschen
GavinSBaker,marketplunger1,Brandon Beylo
GavinSBaker,DanielSLoeb1,Daniel S. Loeb
GavinSBaker,pmje73,Paul Enright
GavinSBaker,PythiaR,Pythia Cap: Vertical Market Sycophant
GavinSBaker,modestproposal1,modest proposal
GavinSBaker,JerryCap,Jerry Capital
GavinSBaker,trengriffin,Tren Griffin
GavinSBaker,borrowed_ideas,Mostly Borrowed Ideas
GavinSBaker,BucknSF,Buck
GavinSBaker,honam,Ho Nam
GavinSBaker,lhamtil,Lawrence Hamtil
GavinSBaker,P_Remarks,Prepared Remarks
GavinSBaker,BillBrewsterTBB,Bill Brewster
GavinSBaker,TSOH_Investing,Alex Morris (TSOH Investment Research)
GavinSBaker,FundamentEdge,Brett Caughran
GavinSBaker,TheTranscript_,The Transcript
GavinSBaker,InnocenceCapit1,InnocenceCapital.AI (
GavinSBaker,Clint_Davey1,Clint Warren-Davey
GavinSBaker,EverestToday,Everest Today
GavinSBaker,antifraudco,The Antifraud Company
GavinSBaker,SamuelAlbanie,Samuel Albanie 
GavinSBaker,hugo_larochelle,Hugo Larochelle
GavinSBaker,Mr_Derivatives,Heisenberg
GavinSBaker,ShortSeller,ShortSeller
GavinSBaker,FrankCappelleri,Frank Cappelleri
GavinSBaker,TheMarketStats,The Market Stats
GavinSBaker,CyclesFan,CyclesFan
GavinSBaker,ArcanaAnalytics,Arcana
GavinSBaker,GregAbbott_TX,Greg Abbott
GavinSBaker,deredleritt3r,prinz
GavinSBaker,sarafischer,Sara Fischer
GavinSBaker,urialon1,Uri Alon
GavinSBaker,paulcerro,Paul Cerro
GavinSBaker,rtwlz,Riley Walz
GavinSBaker,Memetic_Theory,mass
GavinSBaker,jeffmfulgham,Jeff Fulgham
GavinSBaker,mad_liberals,Mad Liberals
GavinSBaker,Afinetheorem,Kevin A. Bryan
GavinSBaker,StateDept,Department of State
GavinSBaker,koylanai,Muratcan Koylan
eladgil,garrytan,Garry Tan
eladgil,Suhail,Suhail
eladgil,HarryStebbings,Harry Stebbings
eladgil,alexandr_wang,Alexandr Wang
eladgil,sarthakgh,Sar Haribhakti
eladgil,rabois,Keith Rabois
eladgil,jaltma,Jack Altman
eladgil,m2jr,"Mike Maples, Jr"
eladgil,jrichlive,Jeff Richards
eladgil,ttunguz,Tomasz Tunguz
eladgil,andrewchen,andrew chen
eladgil,martin_casado,martin_casado
eladgil,jmj,Jeff Morris Jr.
eladgil,KTmBoyle,Katherine Boyle
eladgil,arampell,Alex Rampell
eladgil,zackkanter,Zack Kanter
eladgil,Altimor,Flo Crivello
eladgil,justindross,JD Ross
eladgil,zachperret,Zachary Perret
eladgil,adamnash,Adam Nash
eladgil,quocleix,Quoc Le
eladgil,dpkingma,Durk Kingma
eladgil,SleeperJets,SleeperJets
eladgil,TfTHacker,TfTHacker
eladgil,FrancescoD_Ales,Francesco D'Alessio
eladgil,readwise,Readwise
eladgil,TomFrankly,Thomas Frank
eladgil,fortelabs,Tiago Forte
eladgil,obsdmd,Obsidian
eladgil,eastdakota,Matthew Prince 
eladgil,tbc415,Turner Caldwell
eladgil,sopharicks,Sophia
eladgil,natfriedman,Nat Friedman
eladgil,AdinaYakup,Adina Yakup
eladgil,SamarAtTemporal,Samar Abbas
eladgil,YasminRazavi,Yasmin Razavi
eladgil,byersblake,Blake Byers
eladgil,kareemamin,Kareem Amin
eladgil,FEhrsam,Fred Ehrsam
eladgil,im_roy_lee,Roy
eladgil,endowment_eddie,Endowment Eddie
VitalikButerin,gavofyork,Gavin Wood
VitalikButerin,TimBeiko,timbeiko.eth
VitalikButerin,WorkshopLabsPBC,Workshop Labs
VitalikButerin,vnovakovski,Vladimir Novakovski
VitalikButerin,polymutex,polymutex
VitalikButerin,MatiasNisenson,Matias Nisenson
VitalikButerin,jasoncrawford,Jason Crawford
VitalikButerin,Zodomo,zodomo.eth (
VitalikButerin,ethereumconf,ETHConf
VitalikButerin,vivian_belenky,viv 
VitalikButerin,gluk64,ALEX | ZKsync ∎
VitalikButerin,ripeth,rip.eth
VitalikButerin,ReamLabs,Ream Labs
VitalikButerin,session_app,Session
VitalikButerin,SimpleXChat,SimpleX Chat
VitalikButerin,JJ_Lin,JJ Lin
VitalikButerin,Ivshti,Ivo 7702/acc
VitalikButerin,0xpantarhei,Panta Rhei
VitalikButerin,sebkrier,Séb Krier
VitalikButerin,ZhaoyinFeng,Zhaoyin Feng
VitalikButerin,casparschwa,Caspar
VitalikButerin,pabbeel,Pieter Abbeel
VitalikButerin,SleeperJets,SleeperJets
VitalikButerin,gregoryblotnick,Gregory Blotnick
VitalikButerin,zuzalukas,ZuKas (April 2026)
VitalikButerin,ZuGramaIndia,Zu-Grama
VitalikButerin,JoinEdgeCity,Edge City
VitalikButerin,ZuBerlinCity,ZuBerlin – Futura Garden
VitalikButerin,Atmos_Air,AtmosAir Solutions
VitalikButerin,allTheYud,Eliezer Yudkowsky
VitalikButerin,liron,Liron Shapira
VitalikButerin,pbrody,Paul Brody prbrody.eth
VitalikButerin,danwwang,Dan Wang
VitalikButerin,eli_lifland,Eli Lifland
VitalikButerin,DKokotajlo,Daniel Kokotajlo
VitalikButerin,GrapheneOS,GrapheneOS
VitalikButerin,DrPatrick,Dr. Pat Soon-Shiong
VitalikButerin,tsikhanouski_s,Sergey Tihanovski
VitalikButerin,asn_d6,George Kadianakis
VitalikButerin,richardllin,Richard Lin – open/acc
gokulr,shreyas,Shreyas Doshi
gokulr,pitdesi,Sheel Mohnot
gokulr,ttunguz,Tomasz Tunguz
gokulr,m2jr,"Mike Maples, Jr"
gokulr,jmj,Jeff Morris Jr.
gokulr,martin_casado,martin_casado
gokulr,DanRose999,Dan Rose
gokulr,aakashgupta,Aakash Gupta
gokulr,arampell,Alex Rampell
gokulr,_ram_,Ram Parameswaran
gokulr,davidu,David Ulevitch 
gokulr,Samirkaji,samir kaji
gokulr,lpolovets,Leo Polovets
gokulr,sarahtavel,Sarah Tavel
gokulr,dhaber,David Haber
gokulr,AdamMGrant,Adam Grant
gokulr,steipete,Peter Steinberger
gokulr,matanSF,Matan Grinberg
gokulr,hahnbeelee,Hahnbee Lee
gokulr,drfeifei,Fei-Fei Li
gokulr,JacksonKernion,Jackson Kernion
gokulr,lilianweng,Lilian Weng
gokulr,ChaseAPackard,Chase Packard
gokulr,tszzl,roon
gokulr,yacineMTB,kache
gokulr,HanchungLee,Han
gokulr,Lewis_Lin,Lewis C. Lin 
gokulr,NeuralViz,Neural Viz
gokulr,drvdhruv,Dhruv Malrana
gokulr,nachunja,Cute Baby
gokulr,carlvellotti,Carl Vellotti 
gokulr,omooretweets,Olivia Moore
gokulr,charlieholtz,Charlie Holtz
gokulr,HealthcareAIGuy,Healthcare AI Guy
gokulr,readswithravi,Reads with Ravi
gokulr,_Dogs_family,Dogs are Family
gokulr,Salmaaboukarr,Salma
gokulr,atlascardhq,Atlas
dwarkesh_sp,ESYudkowsky,Eliezer Yudkowsky 
dwarkesh_sp,robinhanson,Robin Hanson
dwarkesh_sp,nickcammarata,Nick
dwarkesh_sp,DavidDeutschOxf,David Deutsch
dwarkesh_sp,michael_nielsen,Michael Nielsen
dwarkesh_sp,SamoBurja,Samo Burja
dwarkesh_sp,ATabarrok,Alex Tabarrok
dwarkesh_sp,powerbottomdad1,sucks
dwarkesh_sp,alexeyguzey,Alexey Guzey
dwarkesh_sp,bryan_caplan,Bryan Caplan
dwarkesh_sp,PradyuPrasad,Pradyumna
dwarkesh_sp,tylercowen,tylercowen
dwarkesh_sp,RichardMCNgo,Richard Ngo
dwarkesh_sp,danielgross,Daniel Gross
dwarkesh_sp,gbrl_dick,Gabriel
dwarkesh_sp,mealreplacer,Julian
dwarkesh_sp,StefanFSchubert,Stefan Schubert
dwarkesh_sp,typedfemale,typedfemale
dwarkesh_sp,goth600,@goth
dwarkesh_sp,ad0rnai,carl
dwarkesh_sp,CUDAHandbook,Nicholas Wilt
dwarkesh_sp,antifraudco,The Antifraud Company
dwarkesh_sp,ctindale,Craig Tindale
dwarkesh_sp,steipete,Peter Steinberger
dwarkesh_sp,modestproposal1,modest proposal
dwarkesh_sp,labelbox,Labelbox
dwarkesh_sp,rmcentush,Ryan McEntush
dwarkesh_sp,samsja19,samsja
dwarkesh_sp,jchencxh,James Chen
dwarkesh_sp,fiiiiiist,Tim Fist
dwarkesh_sp,jsuarez5341,Joseph Suarez 
dwarkesh_sp,xdalinstone,dalin stone
dwarkesh_sp,jack,jack
dwarkesh_sp,solarapparition,solarapparition
dwarkesh_sp,1a3orn,1a3orn
dwarkesh_sp,romeovdean,Romeo Dean
dwarkesh_sp,rasbt,Sebastian Raschka
dwarkesh_sp,iaindunning,Iain Dunning
dwarkesh_sp,levelsio,@levelsio
dwarkesh_sp,classiclarryd,Larry Dial
dwarkesh_sp,NunoSempere,Nuño Sempere (Asunción)
reneeshah123,paranirmal9,Nirmal B
reneeshah123,bernhardsson,Erik Bernhardsson
reneeshah123,gunnarmorling,Gunnar Morling 
reneeshah123,jasoncwarner,Jason Warner
reneeshah123,martin_casado,martin_casado
reneeshah123,sarahcat21,Sarah Catanzaro
reneeshah123,mitchellh,Mitchell Hashimoto
reneeshah123,lorenc_dan,Dan Lorenc
reneeshah123,itunpredictable,sisyphus bar and grill
reneeshah123,copyconstruct,Cindy Sridharan
reneeshah123,eatonphil,Phil Eaton
reneeshah123,dhaliwas,Sunil Dhaliwal
reneeshah123,charliermarsh,Charlie Marsh
reneeshah123,terronk,Lee Edwards
reneeshah123,ttunguz,Tomasz Tunguz
reneeshah123,jaminball,Jamin Ball
reneeshah123,danielbryantuk,Daniel Bryant
reneeshah123,ibuildthecloud,Darren Shepherd
reneeshah123,adamhjk,Adam Jacob
reneeshah123,shomikghosh21,Shomik Ghosh
reneeshah123,fchollet,François Chollet
reneeshah123,lilianweng,Lilian Weng
reneeshah123,alexkshieh,Alex Shieh
reneeshah123,ataiiam,Atai Barkai
reneeshah123,JacquesThibs,Jacques
reneeshah123,cosmo_shirley,Shirley Ho
reneeshah123,ceciliazhang77,Cecilia Zhang
reneeshah123,heathercmiller,Heather Miller
reneeshah123,spacemanidol,Daniel Campos
reneeshah123,arlanr,Arlan
reneeshah123,loganbartlett,logan bartlett
reneeshah123,TheAviKapur,Avi Kapur
reneeshah123,jakeserval,Jake Stauch
reneeshah123,gauravisnotme,Gaurav
reneeshah123,dbreunig,Drew Breunig
reneeshah123,davidmcj,David McJannet
reneeshah123,itsCathyDi,Cathy Di
reneeshah123,adilhafeez,Adil Hafeez
reneeshah123,fejes713,stefo
kevinakwok,patio11,Patrick McKenzie
kevinakwok,patrick_oshag,Patrick OShaughnessy
kevinakwok,lennysan,Lenny Rachitsky
kevinakwok,sarthakgh,Sar Haribhakti
kevinakwok,scottbelsky,scott belsky
kevinakwok,eriktorenberg,Erik Torenberg
kevinakwok,nikillinit,Nikhil Krishnan
kevinakwok,joshelman,Josh Elman
kevinakwok,ByrneHobart,Byrne Hobart
kevinakwok,benthompson,Ben Thompson
kevinakwok,davidgomes,David Gomes
kevinakwok,alexeykozy,Alexey
kevinakwok,PatrickHeizer,Patrick Heizer
kevinakwok,travisk,travis kalanick
kevinakwok,MarkosAAIG,Markos
kevinakwok,QuincyEdmundLee,Quincy Lee
kevinakwok,jayair,Jay
kevinakwok,dejavucoder,sankalp
kevinakwok,__dxu,Daniel Xu
kevinakwok,rookisaacman,Jared Isaacman
kevinakwok,1thousandfaces_,Hero Thousandfaces
kevinakwok,antifraudco,The Antifraud Company
kevinakwok,HoopsCrave,Hoops Crave
kevinakwok,pmddomingos,Pedro Domingos
kevinakwok,hidecloud,hidecloud
kevinakwok,damndanielliem,Daniel C. Liem
kevinakwok,zxocw,olaf
kevinakwok,ravi_lsvp,Ravi Mhatre
kevinakwok,R_Mohr,Rob Mohr
kevinakwok,luishXYZ,luis | prediction market arc
kevinakwok,mwmoedinger,Marilyn Moedinger
kevinakwok,tab_delete,Theo Baker
kevinakwok,Quartr_App,Quartr
kevinakwok,anselmlevskaya,Anselm Levskaya
kevinakwok,jonmcneill,Jon McNeill
kevinakwok,qasar,Qasar Younis
kevinakwok,bolinfest,Michael Bolin
kevinakwok,sherjilozair,Sherjil Ozair
kevinakwok,raycmorgan,Ray Morgan
kevinakwok,msanvido,Marco Sanvido
kevinakwok,isidentical,batuhan the fal guy
paulxgu,paulg,Paul Graham
paulxgu,tobi,tobi lutke
paulxgu,amasad,Amjad Masad
paulxgu,BillAckman,Bill Ackman
paulxgu,Joshuabrowder,Joshua Browder
paulxgu,davegirouard,Dave Girouard
paulxgu,patio11,Patrick McKenzie
paulxgu,rabois,Keith Rabois
paulxgu,Upstart,Upstart
paulxgu,JTLonsdale,Joe Lonsdale
paulxgu,DanielSLoeb1,Daniel S. Loeb
paulxgu,Tyler_Okland_MD,"Tyler Okland, MD"
paulxgu,FoundersPodcast,David Senra
paulxgu,naterez94,Nathan Resnick
paulxgu,JoanneLeeJacobs,Joanne Jacobs
paulxgu,scottew,Scott Wessman
paulxgu,ArmandDoma,Armand Domalewski
paulxgu,sbkaufman,Scott Barry Kaufman 
paulxgu,paleonormie,pnorm
paulxgu,eigenrobot,eigenrobot
paulxgu,Musa_alGharbi,Musa al-Gharbi
paulxgu,drfeifei,Fei-Fei Li
paulxgu,JeffDean,Jeff Dean
paulxgu,13yearoldvc,jessy
paulxgu,CliffordAsness,Clifford Asness
paulxgu,ArfurRock,Arfur Rock
paulxgu,ethanrthornton,Ethan Thornton
paulxgu,DataRepublican,DataRepublican (small r)
paulxgu,anabology,anabology
paulxgu,bscholl,Blake Scholl 
paulxgu,CRPakaluk,Catherine Ruth Pakaluk
paulxgu,YeOldSentinelHQ,Sentinel
paulxgu,post_liberal,Pete
paulxgu,Peaceful_Tips,Luke Adsit | Peaceful Parenting Coach
paulxgu,charliewu,Charlie Wu
paulxgu,dissproportion,Dissproportionately
paulxgu,itsurboyevan,Evan Armstrong
paulxgu,pronounced_kyle,Christian Keil
paulxgu,tracewoodgrains,TracingWoodgrains
paulxgu,AngadDaryani,Angad Daryani
dnlkwk,AnthropicAI,Anthropic
dnlkwk,sundeep,sunny madra
dnlkwk,nickshirleyy,Nick shirley
dnlkwk,Atreidesmgmt,"Atreides Management, LP"
dnlkwk,GavinSBaker,Gavin Baker
dnlkwk,stockthoughts81,Uncovering Value
dnlkwk,theMadridZone,Madrid Zone
dnlkwk,sundarpichai,Sundar Pichai
dnlkwk,zoomyzoomm,Zoomer 
dnlkwk,utdreport,utdreport
dnlkwk,FirstSquawk,First Squawk
dnlkwk,rotimi_opeke,Rotimi Opeke
dnlkwk,carrynointerest,carried_no_interest
dnlkwk,camronsackett,Cam Sackett
dnlkwk,MollySOShea,Molly O’Shea
dnlkwk,TheDunkCentral,NBACentral
dnlkwk,MadridXtra,Madrid Xtra
dnlkwk,Cristiano,Cristiano Ronaldo
dnlkwk,MorningBrew,Morning Brew 
dnlkwk,theobharvey,Theo Harvey
dnlkwk,antifraudco,The Antifraud Company
dnlkwk,JeffDean,Jeff Dean
dnlkwk,ThisThirsty,This Podcast is Making Me Thirsty Seinfeld Podcast
dnlkwk,traderprad,TraderPrad – e/acc
dnlkwk,jukan05,Jukan
dnlkwk,HedgieMarkets,Hedgie
dnlkwk,Barchart,Barchart
dnlkwk,_AlexHirsch,Alex Hirsch
dnlkwk,tetsuoai,tetsuo
dnlkwk,Similarweb,Similarweb
dnlkwk,wallstengine,Wall St Engine
dnlkwk,beejoli,Beejoli Shah
dnlkwk,reddit_lies,Reddit Lies
dnlkwk,bethgenewang,spicypunk
dnlkwk,FabrizioRomano,Fabrizio Romano
dnlkwk,barret_zoph,Barret Zoph
dnlkwk,antonwyro,Anton Wyrowski
dnlkwk,exec_sum,Exec Sum
dnlkwk,nikunj,Nikunj Kothari
alexatallah,dwr,Dan Romero
alexatallah,richerd,richerd.eth
alexatallah,ArtOnBlockchain,Erick / Snowfro / 
alexatallah,justintrimble,Justin Trimble
alexatallah,NTmoney,Nick Tomaino
alexatallah,AndrewSteinwold,Andrew Steinwold
alexatallah,cdixon,Chris Dixon
alexatallah,w1nt3r_eth,WINTΞR 
alexatallah,js_horne,$jacob
alexatallah,0xKofi,Kofi
alexatallah,jbrukh,Jake Brukhman
alexatallah,Flynnjamm,brian flynn
alexatallah,johnpalmer,John Palmer
alexatallah,noah0x0,noah 
alexatallah,z0age,0age
alexatallah,jessepollak,jesse.base.eth
alexatallah,danrobinson,Dan Robinson
alexatallah,Scott_eth,Scott
alexatallah,NFTland,Rizzle
alexatallah,petejkim,Pete Kim
alexatallah,Claude_Memory,Claude-Mem
alexatallah,EpochAIResearch,Epoch AI
alexatallah,bearablylight,Melissa Du
alexatallah,drfeifei,Fei-Fei Li
alexatallah,OriolVinyalsML,Oriol Vinyals
alexatallah,fiege_max,max.hl
alexatallah,thdxr,dax
alexatallah,kevinlu625,Kevin Lu
alexatallah,mercor_ai,Mercor
alexatallah,BrendanFoody,Brendan (can/do)
alexatallah,thaiscbranco_,Thais Castello Branco
alexatallah,ndrewpignanelli,andrew pignanelli
alexatallah,intelligenceco,General Intelligence Company
alexatallah,Baxate_carter,Baxate
alexatallah,SteveBPrice,Steven Price
alexatallah,cryptopunk7213,Ejaaz
alexatallah,sebp,Sebastien Pahl
alexatallah,NanoBanana,Nano Banana Pro
alexatallah,ironcarbs,jan
alexatallah,adamcohenhillel,ADAM
alexatallah,veggie_eric,Eric Jiang
AgustinLebron3,therobotjames,Robot James 
AgustinLebron3,macrocephalopod,cephalopod
AgustinLebron3,bennpeifert,Benn Eifert 
AgustinLebron3,choffstein,Corey Hoffstein 
AgustinLebron3,KrisAbdelmessih,Kris
AgustinLebron3,quantian1,Quantіan
AgustinLebron3,dampedspring,Andy Constan
AgustinLebron3,SinclairEuan,Euan Sinclair
AgustinLebron3,ltrd_,ltrd
AgustinLebron3,0xdoug,Doug Colkitt
AgustinLebron3,Ksidiii,Kris Sidial
AgustinLebron3,SqueezeMetrics,SqueezeMetrics
AgustinLebron3,CliffordAsness,Clifford Asness
AgustinLebron3,LacertaXG1,Robert
AgustinLebron3,TheSpeculator0,Speculator
AgustinLebron3,goodalexander,goodalexander
AgustinLebron3,OffTheRunTrades,Double Chin Capital
AgustinLebron3,mgnr_io,mgnr
AgustinLebron3,TCK_JRubano,Joel Rubano
AgustinLebron3,0xLightcycle,Lionel Lightcycle
AgustinLebron3,sichuan_mala,四川麻辣燙
AgustinLebron3,antifraudco,The Antifraud Company
AgustinLebron3,drfeifei,Fei-Fei Li
AgustinLebron3,ACapitalLP,A Capital
AgustinLebron3,nkreu113r,noah
AgustinLebron3,NikOza2,Nik Oza
AgustinLebron3,wavelettes,Ana
AgustinLebron3,RepJackKimble,Rep. Jack Kimble
AgustinLebron3,Isegoria,Isegoria
AgustinLebron3,MickeyXaman,Mickey / Phase Transition
AgustinLebron3,layer07_yuxi,Yuxi on the Wired
AgustinLebron3,KopfMichal,Michal Kopf
AgustinLebron3,idoccor,s
AgustinLebron3,IronEconomist,Iron Economist
AgustinLebron3,zft_send,tcp_indirect
AgustinLebron3,int63_t,int63_t
AgustinLebron3,littmath,Daniel Litt
AgustinLebron3,justinskycak,Justin Skycak
AgustinLebron3,0xAlcibiades,Alcibiades
AgustinLebron3,ndea,Ndea
AgustinLebron3,nicholsonbaker8,Nicholson Baker
friedberg,micsolana,Mike Solana
friedberg,theallinpod,The All-In Podcast
friedberg,BillAckman,Bill Ackman
friedberg,levie,Aaron Levie
friedberg,tobi,tobi lutke
friedberg,thesamparr,Sam Parr
friedberg,garrytan,Garry Tan
friedberg,chamath,Chamath Palihapitiya
friedberg,ShaanVP,Shaan Puri
friedberg,all_in_tok,ALL-IN TOK
friedberg,HarryStebbings,Harry Stebbings
friedberg,JTLonsdale,Joe Lonsdale
friedberg,altcap,Brad Gerstner
friedberg,patrick_oshag,Patrick OShaughnessy
friedberg,bchesky,Brian Chesky
friedberg,wolfejosh,Josh Wolfe
friedberg,rabois,Keith Rabois
friedberg,patrickc,Patrick Collison
friedberg,DanielSLoeb1,Daniel S. Loeb
friedberg,zachweinberg,Tweets from Zach Weinberg
friedberg,billszafranski,billszafranski
friedberg,Hayesfawcett3,Hayes Fawcett
friedberg,OriolVinyalsML,Oriol Vinyals
friedberg,JeffDean,Jeff Dean
friedberg,VP,Vice President JD Vance
friedberg,davidsacks47,David Sacks
friedberg,vance_whitaker,Dr. Vance M. Whitaker
friedberg,Kash_Patel,Kash Patel
friedberg,BrookeLRollins,Brooke Rollins
friedberg,AutismCapital,Autism Capital 
friedberg,RepThomasMassie,Thomas Massie
friedberg,Polymarket,Polymarket
friedberg,DOGE,Department of Government Efficiency
friedberg,shayne_coplan,Shayne Coplan 
friedberg,DanielLurie,Daniel Lurie 丹尼爾·羅偉
friedberg,choppen5,Charles Oppenheimer
friedberg,NobelPrize,The Nobel Prize
friedberg,FierceBiotech,FierceBiotech
friedberg,CityofAsheville,City of Asheville
friedberg,nikesharora,Nikesh Arora
avellal14,paranirmal9,Nirmal B
avellal14,InvictusIR,Invictus Incident Response
avellal14,RootkitRanger,RootkitRanger
avellal14,muratdemirbas,Murat Demirbas (Distributolog)
avellal14,ITguySoCal,Joe Stocker
avellal14,petereliaskraft,Peter Kraft
avellal14,kirbytypes,Caroline
avellal14,StevenErwin,Steven Erwin
avellal14,RightHandTech,RHTG
avellal14,keenanisalive,Keenan Crane
avellal14,FrankMcG,Frank McGovern - INACTIVE
avellal14,HackingDave,Dave Kennedy
avellal14,jsngr,Jordan Singer
avellal14,hackerkartellet,Asger.jpg
avellal14,malmoeb,Stephan Berger
avellal14,NathanMcNulty,Nathan McNulty
avellal14,TrustedSec,TrustedSec
avellal14,Evild3ad79,Evild3ad79
avellal14,godslittlemacro,Jonathan Gonzalez 
avellal14,berkeley_ai,Berkeley AI Research
avellal14,JeffDean,Jeff Dean
avellal14,JacksonKernion,Jackson Kernion
avellal14,L_Lgde,"L², PhD"
avellal14,SecurityAura,Aura
avellal14,Big_Bad_W0lf_,John
avellal14,asmartbear,Jason Cohen
avellal14,dakshgup,Daksh Gupta
avellal14,jjen_abel,Jen Abel
avellal14,DEATHCon2025,DEATHCon
avellal14,PetarV_93,Petar Veličković
avellal14,Kazanjy,Peter Kazanjy
avellal14,_josehelps,Jose Enrique Hernandez
avellal14,HanchungLee,Han
avellal14,kkmaway,Krishna Memani
avellal14,yixin_lin_,Yixin Lin
avellal14,laurenbalik,Lauren Balik
avellal14,JubbaOnJeans,Sandesh Anand
avellal14,snowmaker,Jared Friedman
saranormous,lucy_guo,Lucy Guo
saranormous,jaltma,Jack Altman
saranormous,joshelman,Josh Elman
saranormous,briannekimmel,Brianne Kimmel
saranormous,martin_casado,martin_casado
saranormous,jmj,Jeff Morris Jr.
saranormous,loganbartlett,logan bartlett
saranormous,andrew__reed,Andrew Reed
saranormous,immad,immad
saranormous,zachperret,Zachary Perret
saranormous,abcampbell,Campbell
saranormous,JacksonKernion,Jackson Kernion
saranormous,john_c_wagner,John Wagner
saranormous,ankesh_anand,Ankesh Anand
saranormous,Dkirtley,David Kirtley
saranormous,NASAAdmin,NASA Administrator Jared Isaacman
saranormous,hidecloud,hidecloud
saranormous,TitmouseInc,Titmouse Animation
saranormous,SebastianSeung,Sebastian Seung
saranormous,RealProducerBen,Producer Ben
saranormous,abshkbh,Abhishek Bhardwaj
saranormous,lilianweng,Lilian Weng
saranormous,m2jr,"Mike Maples, Jr"
saranormous,AngryTomtweets,Angry Tom
saranormous,rishicomplex,Rishi Mehta
saranormous,j0hnwang,John Wang
saranormous,ScienceUnderSec,Darío Gil
saranormous,Si_Boehm,Simon Boehm
saranormous,flooburrito,Fabi
saranormous,YuchenHe07,Yuchen He
saranormous,Ani_nlp,Ani Nrusimha
saranormous,noahdgoodman,noahdgoodman
saranormous,ma_tay_,Taylor Sorensen
saranormous,TheAndiPenguin,Andi Peng
saranormous,jerber888,Jeremy Berman
saranormous,NuandLLC,Nuand
saranormous,RoboPapers,RoboPapers
saranormous,fzyzcjy,fzyzcjy
saranormous,rpoo,Ross
saranormous,KatiaEarth,Katia Karpenko
pranavreddy,qasar,Qasar Younis
pranavreddy,fewerwrong,Amanda Watson
pranavreddy,ypatil125,Yash Patil
pranavreddy,alpercanbe,Alper Canberk
pranavreddy,tanmayxagarwal,Tanmay Agarwal
pranavreddy,dhaval_shroff,Dhaval Shroff
pranavreddy,jackhcable,Jack Cable
pranavreddy,clayhaight,clayton
pranavreddy,perryzjia,Perry Jia
pranavreddy,kevinhou22,Kevin Hou
pranavreddy,jialim__,Jia Lim
pranavreddy,sundayrobotics,Sunday
pranavreddy,KamrynOhly,Kamryn Ohly
pranavreddy,avichal,Avichal - Electric ϟ Capital
pranavreddy,milichab,Andrew Milich
pranavreddy,apoorva_mehta,Apoorva Mehta
pranavreddy,anneleeskates,Anne Lee Skates
pranavreddy,tonyduan_,Tony Duan
pranavreddy,flooburrito,Fabi
pranavreddy,brainstub,Camilla Guo
pranavreddy,michaelzchen5,Michael Chen
pranavreddy,chichengcc,Cheng Chi
pranavreddy,serenaa_ge,Serena Ge
pranavreddy,SamuelAlbanie,Samuel Albanie 
pranavreddy,bearlyai,Bearly AI
pranavreddy,drfeifei,Fei-Fei Li
pranavreddy,jiangelaa,Angela Jiang
pranavreddy,jess123555,Jessica Wu
pranavreddy,kimberlywtan,Kimberly Tan
pranavreddy,AshwinRamaswami,Ashwin Ramaswami
pranavreddy,abhshkdz,Abhishek Das
pranavreddy,fkpxls,Tina He
pranavreddy,watneyrobotics,Watney Robotics
pranavreddy,evanjconrad,evan conrad
pranavreddy,j0nathanj,Jonathan Jacobi
pranavreddy,sprooos,Spruce
pranavreddy,_sholtodouglas,Sholto Douglas
pranavreddy,_e_d_v_,Eeshit Dhaval Vaishnav
pranavreddy,jbfja,Jacob Jackson
pranavreddy,nalidoust,Nima Alidoust
pranavreddy,GabeStengel,Gabriel Stengel
pranavreddy,sharedalbums,"your host, alicia"
pranavreddy,dnnssl2,Daniel Chang
pranavreddy,suryamidha,surya
netcapgirl,macrocephalopod,cephalopod
netcapgirl,bennpeifert,Benn Eifert 
netcapgirl,SoullessAnalyst,Soulless Analyst
netcapgirl,the_P_God,
netcapgirl,powerbottomdad1,sucks
netcapgirl,gbrl_dick,Gabriel
netcapgirl,typedfemale,typedfemale
netcapgirl,thecaptain_nemo,Nemo
netcapgirl,ad0rnai,carl
netcapgirl,itsmarkmoran,MARK MORAN
netcapgirl,ctjlewis,Lewis
netcapgirl,rvc330,Dimes Square Holdings LP
netcapgirl,goth600,@goth
netcapgirl,10x_er,10x Engineer
netcapgirl,liensofnewyork,liens of new york
netcapgirl,enlightenedcoop,Cooper
netcapgirl,beffjezos,Beff (e/acc)
netcapgirl,spooky_JL,Spooky JL
netcapgirl,DadInvest,J.D. Banker
netcapgirl,Duderichy,the Rich
netcapgirl,reed,reed
netcapgirl,thomasbsauer,Tom Sauer
netcapgirl,bcherny,Boris Cherny
netcapgirl,lilianweng,Lilian Weng
netcapgirl,deedydas,Deedy
netcapgirl,charlicohen,charli cohen
netcapgirl,chat_SBC,chatSBC
netcapgirl,ramez,Ramez Naam
netcapgirl,brookeleblanc,Brooke LeBlanc
netcapgirl,redtachyon,Ariel
netcapgirl,zxlava,lala
netcapgirl,jfeiwell,Jeff Feiwell
netcapgirl,SarvasvKulpati,sarv
netcapgirl,Prof_Kalkyl,Oliver ೫
netcapgirl,jasminecoded_,jasmine
netcapgirl,hamishmckenzie,Hamish McKenzie
netcapgirl,theaustinlyons,Austin Lyons
netcapgirl,skbjml,Sakib Jamal
netcapgirl,kelseymwhelan,Kelsey Rosenblum
netcapgirl,Ebitduhmommy,Eastern Euro Girl
netcapgirl,neharedy,neha
netcapgirl,alexeheath,Alex Heath
zebulgar,Austen,Austen Allred
zebulgar,nikitabier,Nikita Bier
zebulgar,Suhail,Suhail
zebulgar,garrytan,Garry Tan
zebulgar,HarryStebbings,Harry Stebbings
zebulgar,alexandr_wang,Alexandr Wang
zebulgar,TurnerNovak,Turner Novak 
zebulgar,pitdesi,Sheel Mohnot
zebulgar,wolfejosh,Josh Wolfe
zebulgar,0interestrates,rahul
zebulgar,rabois,Keith Rabois
zebulgar,sarthakgh,Sar Haribhakti
zebulgar,zachweinberg,Tweets from Zach Weinberg
zebulgar,lucy_guo,Lucy Guo
zebulgar,eriktorenberg,Erik Torenberg
zebulgar,Pavel_Asparagus,Pavel Asparouhov
zebulgar,gbrl_dick,Gabriel
zebulgar,m_franceschetti,Matteo Franceschetti
zebulgar,jaltma,Jack Altman
zebulgar,KTmBoyle,Katherine Boyle
zebulgar,IsaiahMears,Isaiah Mears
zebulgar,huggingface,Hugging Face
zebulgar,janexwang,Jane Wang
zebulgar,SamoBurja,Samo Burja
zebulgar,victoralazarte,victor lazarte
zebulgar,HarperSCarroll,Harper Carroll
zebulgar,maxhodak_,Max Hodak
zebulgar,rmwindesheim,robert
zebulgar,AnnieJacobsen,Annie Jacobsen
zebulgar,jaminball,Jamin Ball
zebulgar,AdamDraper,Adam Draper ⏻
zebulgar,paularambles,“paula”
zebulgar,riggs_trenton,Trenton Riggs 
zebulgar,michejafang,Michelle Fang
zebulgar,djseo,DJ Seo
zebulgar,BenjamineYLiu,Ben Liu
zebulgar,BrianNorgard,Norgard
zebulgar,HHS_Jim,Deputy Secretary Jim O'Neill
zebulgar,zachblanc0,Zach White
zebulgar,natsturner,Nat Turner
JoshuaKushner,HarryStebbings,Harry Stebbings
JoshuaKushner,pitdesi,Sheel Mohnot
JoshuaKushner,DanielSLoeb1,Daniel S. Loeb
JoshuaKushner,patrick_oshag,Patrick OShaughnessy
JoshuaKushner,wolfejosh,Josh Wolfe
JoshuaKushner,mattturck,Matt Turck
JoshuaKushner,TurnerNovak,Turner Novak 
JoshuaKushner,danprimack,Dan Primack
JoshuaKushner,rabois,Keith Rabois
JoshuaKushner,m2jr,"Mike Maples, Jr"
JoshuaKushner,andrew__reed,Andrew Reed
JoshuaKushner,jaltma,Jack Altman
JoshuaKushner,scottbelsky,scott belsky
JoshuaKushner,altcap,Brad Gerstner
JoshuaKushner,zachperret,Zachary Perret
JoshuaKushner,OrlandoBravoTB,Orlando Bravo
JoshuaKushner,albertwenger,Albert Wenger 
JoshuaKushner,aweissman,Andy Weissman
JoshuaKushner,loganbartlett,logan bartlett
JoshuaKushner,zoink,Dylan Field
JoshuaKushner,glangley,Garrett Langley
JoshuaKushner,Garydwayne,GPII
JoshuaKushner,hbarnes,Harrison Barnes
JoshuaKushner,BeingSalmanKhan,Salman Khan
JoshuaKushner,reah_ai,reah miyara
JoshuaKushner,MillionInt,Jerry Tworek
JoshuaKushner,dwehner,Dave Wehner
JoshuaKushner,NYPDPC,Jessica S. Tisch
JoshuaKushner,SemiAnalysis_,SemiAnalysis
JoshuaKushner,runwildkian,dianna
JoshuaKushner,quintinfrerichs,Quintin Frerichs
JoshuaKushner,justinbieber,Justin Bieber
JoshuaKushner,nudge,Nudge
JoshuaKushner,jonoringer,Jon Oringer
JoshuaKushner,johnhering,johnhering
JoshuaKushner,USAmbFrance,Ambassador Charles Kushner
JoshuaKushner,ThriveHoldings,Thrive Holdings
JoshuaKushner,mariogabriele,Mario Gabriele 
JoshuaKushner,nicochristie,nico
JoshuaKushner,StartupArchive_,Startup Archive
JoshuaKushner,BillSimmons,Bill Simmons
JoshuaKushner,StevenACohen2,Steven Cohen
johncoogan,amasad,Amjad Masad
johncoogan,garrytan,Garry Tan
johncoogan,nikitabier,Nikita Bier
johncoogan,Suhail,Suhail
johncoogan,alexandr_wang,Alexandr Wang
johncoogan,TechBroDrip,Dripped Out Technology Brothers
johncoogan,0interestrates,rahul
johncoogan,PaddyG96,Paddy Galloway
johncoogan,rabois,Keith Rabois
johncoogan,travisk,travis kalanick
johncoogan,saramfoster,Sara Foster
johncoogan,systematicls,sysls
johncoogan,NASAAdmin,NASA Administrator Jared Isaacman
johncoogan,dagsen,Dagsen
johncoogan,apoorv03,Apoorv Agrawal
johncoogan,cHHillee,Horace He
johncoogan,nealmohan,Neal Mohan
johncoogan,simoncorry,Simon Corry
johncoogan,aaronburnett,Aaron Burnett
johncoogan,DEricSayers,Eric Sayers
johncoogan,alexwg,Dr. Alex Wissner-Gross
johncoogan,MattPaulsonSD,Matt Paulson
johncoogan,playerzero_ai,PlayerZero
johncoogan,antifraudco,The Antifraud Company
johncoogan,stanfordnlp,Stanford NLP Group
johncoogan,kenanhsaleh,Kenan Saleh
johncoogan,qasar,Qasar Younis
johncoogan,joel_bkr,Joel Becker
johncoogan,Josh_Koehn,Josh Koehn
johncoogan,RichLightShed,"Rich Greenfield, LightShed "
johncoogan,captgouda24,Nicholas Decker
johncoogan,BainCapVC,Bain Capital Ventures
johncoogan,UnderSecE,Under Secretary of State Jacob S. Helberg
johncoogan,myth_pilot,𝐏𝐚𝐮𝐥𝐨𝐬 (Golden Age Arc)
johncoogan,AmandaAskell,Amanda Askell
johncoogan,zhuokaiz,Zhuokai Zhao
johncoogan,berber_jin1,Berber Jin
johncoogan,lynnmartin,Lynn Martin
johncoogan,stewartbrand,Stewart Brand
johncoogan,max_spero_,Max Spero
johncoogan,edels0n,Ed Elson
WillManidis,0interestrates,rahul
WillManidis,gbrl_dick,Gabriel
WillManidis,sarthakgh,Sar Haribhakti
WillManidis,10x_er,10x Engineer
WillManidis,ctjlewis,Lewis
WillManidis,nikillinit,Nikhil Krishnan
WillManidis,goth600,@goth
WillManidis,cheafofstaff,NOT Adam Neumanns Chief of Staff
WillManidis,typedfemale,typedfemale
WillManidis,Pavel_Asparagus,Pavel Asparouhov
WillManidis,vocalcry,Circe
WillManidis,mattparlmer,mattparlmer 
WillManidis,creatine_cycle,atlas
WillManidis,nwilliams030,nicole ruiz
WillManidis,rivatez,Riva
WillManidis,itunpredictable,sisyphus bar and grill
WillManidis,andyreed,tweet davidson
WillManidis,yiihya,jāna ᠶᠠᠨᠠ
WillManidis,systematicls,sysls
WillManidis,HEAVYWASH_,𝐇𝐄𝐀𝐕𝐘𓊝
WillManidis,camdenlockbooks,"Camden Lock Books. Award winning. ABA, ILAB."
WillManidis,GusSaltonstall,Gus Saltonstall
WillManidis,dagsen,Dagsen
WillManidis,straightupjac,jaclyn
WillManidis,wasmcloud,wasmCloud
WillManidis,FuentesUpdates,Fuentes Updates
WillManidis,NecktieSalvage,Necktie Salvage Advising
WillManidis,SJCapitalInvest,S&J Investments
WillManidis,aswren,Adam Wren
WillManidis,UnderSecPD,Under Secretary of State Sarah B. Rogers
WillManidis,doctormorphh,Morph
WillManidis,jackson_whang,jacksonw
WillManidis,andreskg_,Andres
WillManidis,SheenaJindalVC,Sheena Jindal
WillManidis,mokoyfman,Mo Koyfman
WillManidis,mp_lew,Matthew Lewis
WillManidis,ryan_darnell_,Ryan Darnell
WillManidis,GKahane,Gavriel Kahane
WillManidis,ryanshmeizer,Ryan Shmeizer
WillManidis,DratchCap,Matt Dratch
WillManidis,DalrympleWill,William Dalrymple
WillManidis,OperatorWiki,Obscure Operators of Wikipedia
leopoldasch,ESYudkowsky,Eliezer Yudkowsky 
leopoldasch,StefanFSchubert,Stefan Schubert
leopoldasch,NathanpmYoung,Nathan 
leopoldasch,RichardMCNgo,Richard Ngo
leopoldasch,peterwildeford,Peter Wildeford
leopoldasch,AlecStapp,Alec Stapp
leopoldasch,moskov,Dustin Moskovitz
leopoldasch,KelseyTuoc,Kelsey Piper
leopoldasch,robinhanson,Robin Hanson
leopoldasch,QualyThe,Qualy the lightbulb
leopoldasch,alexeyguzey,Alexey Guzey
leopoldasch,FreshMangoLassi,Habiba 
leopoldasch,albrgr,Alexander Berger
leopoldasch,michael_nielsen,Michael Nielsen
leopoldasch,PradyuPrasad,Pradyumna
leopoldasch,robertwiblin,Rob Wiblin
leopoldasch,frances__lorenz,Frances Lorenz
leopoldasch,robbensinger,Rob Bensinger 
leopoldasch,davidmanheim,David Manheim
leopoldasch,anderssandberg,Anders Sandberg
leopoldasch,basilh_2,B2H2
leopoldasch,StanfordAILab,Stanford AI Lab
leopoldasch,suchenzang,Susan Zhang
leopoldasch,lilianweng,Lilian Weng
leopoldasch,maxwellfarrens,Max Farrens
leopoldasch,ALupsasca,Alex Lupsasca
leopoldasch,michaelhpage,page
leopoldasch,partners_road,RiverRoadPartners
leopoldasch,ShanghaiMacro,Shanghai Macro Strategist
leopoldasch,_NathanCalvin,Nathan Calvin
leopoldasch,TBU12345678,TBU
leopoldasch,RHouseResearch,Rittenhouse Research
leopoldasch,pernasresearch,Pernas Research
leopoldasch,stevehou,Steve Hou
leopoldasch,lefttailguy,illiquid
leopoldasch,rubicon59,rubicon59
leopoldasch,rwang07,Ray Wang
leopoldasch,__paleologo,Gappy (Giuseppe Paleologo)
leopoldasch,m0ldilocks,Ariana Thacker
leopoldasch,FundaBottom,FundaAI
ssankar,PalantirTech,Palantir
ssankar,amitisinvesting,amit
ssankar,arny_trezzi,Arny Trezzi
ssankar,JTLonsdale,Joe Lonsdale
ssankar,garrytan,Garry Tan
ssankar,alexkshieh,Alex Shieh
ssankar,brian_armstrong,Brian Armstrong
ssankar,JakeMedwell,Jake Medwell
ssankar,Scholars_Stage,T. Greer
ssankar,davidmarcus,David Marcus
ssankar,hamandcheese,Samuel Hammond 
ssankar,PorterBerry,Porter Berry
ssankar,rookisaacman,Jared Isaacman
ssankar,Cernovich,Cernovich
ssankar,eriktorenberg,Erik Torenberg
ssankar,niubi,Bill Bishop
ssankar,Jkylebass, Kyle Bass 
ssankar,DAlperovitch,Dmitri Alperovitch
ssankar,thechrisbuskirk,Chris Buskirk e/acc
ssankar,michaelsobolik,Michael Sobolik
ssankar,marcusabramovi1,Marcus Abramovitch
ssankar,NASAAdmin,NASA Administrator Jared Isaacman
ssankar,tbpn,TBPN
ssankar,jordihays,Jordi Hays
ssankar,BasedMikeLee,Mike Lee
ssankar,isaiah_p_taylor,Isaiah Taylor - making nuclear reactors
ssankar,RC_Greenway,Robert Greenway
ssankar,DefenseAnalyses,Defense Analyses and Research Corporation
ssankar,ShawnRyan762,Shawn Ryan
ssankar,storyandscience,Story Co
ssankar,RealJamesWoods,James Woods
ssankar,CJHandmer,Casey Handmer
ssankar,TheStalwart,Joe Weisenthal
ssankar,ZacharyGraves,Zach Graves 
ssankar,espricewright,Erin Price-Wright
ssankar,michaelgwaltz,Ambassador Mike Waltz
ssankar,RealTheoWold,Theo Wold
ssankar,cdrsalamander,cdrsalamander
ssankar,AaronBMacLean,Aaron MacLean
traestephens,JTLonsdale,Joe Lonsdale
traestephens,wolfejosh,Josh Wolfe
traestephens,HarryStebbings,Harry Stebbings
traestephens,alexandr_wang,Alexandr Wang
traestephens,KTmBoyle,Katherine Boyle
traestephens,rabois,Keith Rabois
traestephens,mttgrmm,Matt Grimm
traestephens,pitdesi,Sheel Mohnot
traestephens,JoshuaSteinman,joshua steinman (
traestephens,anduriltech,Anduril Industries
traestephens,m2jr,"Mike Maples, Jr"
traestephens,bznotes,Bilal Zuberi
traestephens,luke_metro,Luke Metro
traestephens,sarthakgh,Sar Haribhakti
traestephens,eriktorenberg,Erik Torenberg
traestephens,Pavel_Asparagus,Pavel Asparouhov
traestephens,m_franceschetti,Matteo Franceschetti
traestephens,vc,Jake Chapman 
traestephens,lucy_guo,Lucy Guo
traestephens,2112Power,Chris Power
traestephens,SusieWiles,Susie Wiles
traestephens,SpreadThread1,The Spread Thread
traestephens,nidmarti,Aditya Nidmarti
traestephens,JeffDean,Jeff Dean
traestephens,ScottWu46,Scott Wu
traestephens,russelljkaplan,Russell Kaplan
traestephens,GregBarbaccia,Gregory Barbaccia
traestephens,jsdeckard,Josh Deckard
traestephens,StanfordReview,The Stanford Review
traestephens,fidjissimo,Fidji Simo
traestephens,drjfm_stanford,DrJFM - Juan C. Fernandez-Miranda MD -
traestephens,gracegerwe,Grace Gerwe
traestephens,chris05atm,Christopher Stokes
traestephens,HussainSajwani,Hussain Sajwani
traestephens,martinrdave1,Dave Martin
traestephens,jordihays,Jordi Hays
traestephens,FSnephew,festersnephew.eth
traestephens,saquon,Saquon Barkley
traestephens,Campusgrad,Campus
traestephens,goth600,@goth
traestephens,minney_cat,Minn
JonathanRoss321,elonmusk,Elon Musk
JonathanRoss321,Amarillo_Slim1,Amarillo Slim
JonathanRoss321,SkylerMiao7,Skyler Miao
JonathanRoss321,ArvindKrishna,Arvind Krishna
JonathanRoss321,KiteVC,Bill Tai
JonathanRoss321,Turki_alalshikh,TURKI ALALSHIKH
JonathanRoss321,sqs,Quinn Slack
JonathanRoss321,DavidCarbutt_,David Carbutt
JonathanRoss321,martin_casado,martin_casado
JonathanRoss321,aarush,Aarush Sah
JonathanRoss321,benankiel,Ben Ankiel
JonathanRoss321,dkundel,dominik kundel
JonathanRoss321,LandoNorris,Lando Norris
JonathanRoss321,OscarPiastri,Oscar Piastri
JonathanRoss321,ZBrownCEO,Zak Brown
JonathanRoss321,patrickc,Patrick Collison
JonathanRoss321,ch402,Chris Olah
JonathanRoss321,polynoamial,Noam Brown
JonathanRoss321,_akhaliq,AK
JonathanRoss321,ParikPatelCFA,"Dr. Parik Patel, BA, CFA, ACCA Esq."
JonathanRoss321,tobi,tobi lutke
JonathanRoss321,bearlyai,Bearly AI
JonathanRoss321,stanfordnlp,Stanford NLP Group
JonathanRoss321,gregoryblotnick,Gregory Blotnick
JonathanRoss321,clairevo,claire vo 
JonathanRoss321,simonw,Simon Willison
JonathanRoss321,swyx,swyx 
JonathanRoss321,qayyumrajan,"Qayyum ('Q') Rajan, CFA"
JonathanRoss321,TheRaymondYeh,Raymond Yeh
JonathanRoss321,d__raptis,Jim Raptis
JonathanRoss321,bresslertweets,David Bressler 
JonathanRoss321,maciejcupial,Maciej Cupial
JonathanRoss321,nicolaiklemke,Nicolai Klemke
JonathanRoss321,czue,Cory Zue
JonathanRoss321,RoxCodes,Rox
JonathanRoss321,AndreyAzimov,Andrey Azimov
JonathanRoss321,alexwestco,Alex West 
JonathanRoss321,pbteja1998,Bhanu Teja P
JonathanRoss321,hnshah,Hiten Shah
ScottWu46,josephhhhz,Joseph Zhang
ScottWu46,swyx,swyx 
ScottWu46,premqnair,Prem Qu Nair
ScottWu46,windsurf,Windsurf
ScottWu46,jeffwsurf,Jeff Wang
ScottWu46,AustinMead,Austin Mead
ScottWu46,DevinAI,Devin
ScottWu46,carlobaronio,Carlo
ScottWu46,pmmarsella,Pietro Marsella
ScottWu46,ybenpan,Ben Pan
ScottWu46,Colhodm,Arjun Mishra
ScottWu46,Adhyyan,Adhyyan Sekhsaria
ScottWu46,bryceehunt,Bryce Hunt
ScottWu46,JosephGross157,Joseph Gross
ScottWu46,itsandrewgao,andrew gao
ScottWu46,devmchheda,Dev Chheda
ScottWu46,ginkoid,Philip
ScottWu46,vnovakovski,Vladimir Novakovski
ScottWu46,elonmusk,Elon Musk
ScottWu46,satyanadella,Satya Nadella
ScottWu46,kevin_scott,Kevin Scott
ScottWu46,russelljkaplan,Russell Kaplan
ScottWu46,rauchg,Guillermo Rauch
ScottWu46,ctindale,Craig Tindale
ScottWu46,Hayesfawcett3,Hayes Fawcett
ScottWu46,JeffDean,Jeff Dean
ScottWu46,moritz_stephan,Moritz Stephan
ScottWu46,AshtonJEaton,Ashton Eaton
ScottWu46,denisyarats,Denis Yarats
ScottWu46,cognition,Cognition
ScottWu46,rchalamala,Rahul Chalamala
ScottWu46,lulumeservey,Lulu Cheng Meservey
ScottWu46,marvinvonhagen,Marvin von Hagen
ScottWu46,walden_yan,Walden
ScottWu46,dynamic_xyz,Dynamic
ScottWu46,Lighter_xyz,Lighter
ScottWu46,HyperliquidX,Hyperliquid
ScottWu46,chameleon_jeff,jeff.hl
ScottWu46,ccheever,Charlie Cheever
ScottWu46,benthompson,Ben Thompson
ScottWu46,pmarca,Marc Andreessen 
ScottWu46,sama,Sam Altman
hyperindexed,amitisinvesting,amit
hyperindexed,JTLonsdale,Joe Lonsdale
hyperindexed,cryps1s,DANΞ
hyperindexed,geoffreylitt,Geoffrey Litt
hyperindexed,simonw,Simon Willison
hyperindexed,rasbt,Sebastian Raschka
hyperindexed,rohanpaul_ai,Rohan Paul
hyperindexed,MLStreetTalk,Machine Learning Street Talk
hyperindexed,NeelNanda5,Neel Nanda
hyperindexed,omarsar0,elvis
hyperindexed,johncoogan,John Coogan
hyperindexed,kevinakwok,Kevin Kwok
hyperindexed,rpoo,Ross
hyperindexed,bobmcgrewai,Bob McGrew
hyperindexed,elianoayounes,Eliano A. Younes
hyperindexed,traestephens,Trae Stephens
hyperindexed,espricewright,Erin Price-Wright
hyperindexed,JeremyKimball,Jeremy
hyperindexed,arigesher,Ari Gesher
hyperindexed,willmanning,Will Manning
hyperindexed,wraithm,Matt Wraith
hyperindexed,antifraudco,The Antifraud Company
hyperindexed,drfeifei,Fei-Fei Li
hyperindexed,birenbomb,Gabby Birenbaum
hyperindexed,WesAField,Wes Field
hyperindexed,chadwahl,Chad Wahlquist
hyperindexed,thelastnode,Ankit Shankar
hyperindexed,bwradford,bradford
hyperindexed,ssankar,Shyam Sankar
hyperindexed,MabreyTed,Ted Mabrey
hyperindexed,petewilz,Peter Wilczynski
hyperindexed,vjgtweets,Vishal Ganesan
hyperindexed,SebastianCaliri,Sebastian Caliri
hyperindexed,finite_states,raymond
hyperindexed,permutans,Louis Maddox
hyperindexed,rogerclark,rogerclark
hyperindexed,satejsoman,your friendly neighborhood satejsoman
hyperindexed,unwiseManik,Manik Bhat
hyperindexed,theonetruemango,The One True Mango
hyperindexed,vettishanks,Ashwin Shankar
vladtenev,itsALLrisky,
vladtenev,ShytoshiKusama,Shytoshi Kusama™
vladtenev,dogecoin,Dogecoin
vladtenev,RobinhoodApp,Robinhood
vladtenev,ProTheDoge,SlumDOGE Millionaire
vladtenev,Web3Queenie,Queenie
vladtenev,DogecoinRise,Dogecoin Rise 
vladtenev,michilumin,Michi Lumin
vladtenev,TrumpAccounts,Trump Accounts
vladtenev,infoinvt,information investing
vladtenev,MollySOShea,Molly O’Shea
vladtenev,bscholl,Blake Scholl 
vladtenev,AetherfluxUSA,Aetherflux
vladtenev,BillAckman,Bill Ackman
vladtenev,sidbatra,Siddharth Batra
vladtenev,0xashensoul,AshenSoul
vladtenev,SECPaulSAtkins,Paul Atkins
vladtenev,MichaelDell,Michael Dell 
vladtenev,kfountou,Kimon Fountoulakis
vladtenev,AlchemyAmerican,Jesse Michels
vladtenev,EinsteinoWallSt,Peter Tuchman
vladtenev,JeffDean,Jeff Dean
vladtenev,steipete,Peter Steinberger
vladtenev,gregoryblotnick,Gregory Blotnick
vladtenev,haslindatv,Haslinda Amin
vladtenev,CryptoGamr,Chris Gonsalves
vladtenev,DM_Rubenstein,David M. Rubenstein
vladtenev,KoegelChri53403,Chris Koegel
vladtenev,satnam6502,Satnam Singh
vladtenev,ChrSzegedy,Christian Szegedy
vladtenev,iga_swiatek,Iga Świątek
vladtenev,saarsaar,saar gur
vladtenev,Criterion,Criterion Collection
vladtenev,travisk,travis kalanick
vladtenev,tbpn,TBPN
vladtenev,BaijuBhatt,Baiju Bhatt
vladtenev,mntruell,Michael Truell
vladtenev,cvpayne,Charles V Payne
vladtenev,atheorist,sarah
vladtenev,mamoonha,Mamoon Hamid
vladtenev,USAmbUK,Ambassador Warren Stephens
AravSrinivas,DrJimFan,Jim Fan
AravSrinivas,soumithchintala,Soumith Chintala
AravSrinivas,arankomatsuzaki,Aran Komatsuzaki
AravSrinivas,perplexity_ai,Perplexity
AravSrinivas,danijarh,Danijar Hafner
AravSrinivas,jeremyphoward,Jeremy Howard
AravSrinivas,jackclarkSF,Jack Clark
AravSrinivas,RichardSocher,Richard Socher
AravSrinivas,sedielem,Sander Dieleman
AravSrinivas,natashajaques,Natasha Jaques
AravSrinivas,JeffDean,Jeff Dean
AravSrinivas,_arohan_,rohan anil
AravSrinivas,srush_nlp,Sasha Rush
AravSrinivas,ethanCaballero,Ethan Caballero
AravSrinivas,bcherny,Boris Cherny
AravSrinivas,ikhare,Indy Khare
AravSrinivas,addyosmani,Addy Osmani
AravSrinivas,hirox246,ひろゆき
AravSrinivas,lyleklyne,Lyle Klyne
AravSrinivas,jimmybajimmyba,Jimmy Ba
AravSrinivas,Crazymoments01,Crazy Moments
AravSrinivas,zoink,Dylan Field
AravSrinivas,bearablylight,Melissa Du
AravSrinivas,chaitu,Chaitu
AravSrinivas,omooretweets,Olivia Moore
AravSrinivas,thegenesisbl0ck,"Andrea D. Huberwoman, Ph.D."
AravSrinivas,DeryaTR_,"Derya Unutmaz, MD"
AravSrinivas,HyRillero,Hy
AravSrinivas,Tom_A_Lynch,Tom Lynch
AravSrinivas,chrispavlovski,Chris Pavlovski 
AravSrinivas,XFreeze,X Freeze
AravSrinivas,natekupp,Nate Kupp
AravSrinivas,colindunn,Colin Dunn
AravSrinivas,adammenges,Adam Menges
AravSrinivas,franktepas,Frank te Pas
AravSrinivas,SreekarKuchi,Sreekar Kuchibhatla
AravSrinivas,Ibra_official,Zlatan Ibrahimović
AravSrinivas,joincolossus,Colossus
AravSrinivas,amritwt,amrit
AravSrinivas,peymankh,Peyman Khanjan
shreyanj98,ShanePersaudX,Shane
shreyanj98,birenbomb,Gabby Birenbaum
shreyanj98,lilianweng,Lilian Weng
CJHandmer,TerraformIndies,Terraform Industries
CJHandmer,lrocket,Tom Mueller
CJHandmer,elidourado,Eli Dourado
CJHandmer,Robotbeat,Robotbeat
CJHandmer,michael_nielsen,Michael Nielsen
CJHandmer,thetimellis,Tim Ellis
CJHandmer,DrPhiltill,Phil Metzger
CJHandmer,jeff_foust,Jeff Foust
CJHandmer,peterrhague,Peter Hague
CJHandmer,thesheetztweetz,Michael Sheetz
CJHandmer,jasoncrawford,Jason Crawford
CJHandmer,ToughSf,ToughSF
CJHandmer,BellikOzan,Ozan Bellik
CJHandmer,robert_zubrin,Robert Zubrin
CJHandmer,Ben_Reinhardt,Ben Reinhardt
CJHandmer,alexeyguzey,Alexey Guzey
CJHandmer,mattparlmer,mattparlmer 
CJHandmer,SpaceDavenport,Christian Davenport
CJHandmer,KenKirtland17,Ken Kirtland IV
CJHandmer,rocketrepreneur,Jonathan A. Goff
CJHandmer,antifraudco,The Antifraud Company
CJHandmer,steipete,Peter Steinberger
CJHandmer,gregoryblotnick,Gregory Blotnick
CJHandmer,UnderSecPD,Under Secretary of State Sarah B. Rogers
CJHandmer,ValthosTech,Valthos
CJHandmer,Lux_Capital,Lux Capital
CJHandmer,GoToImpulse,Impulse Space
CJHandmer,airwallex,Airwallex
CJHandmer,awxjack,Jack Zhang
CJHandmer,nikiscevak,Niki Scevak
CJHandmer,giaccoangelo,angelo
CJHandmer,ce_renewables,Clean Energy
CJHandmer,DeputySecState,Christopher Landau
CJHandmer,MoundLore,MoundLore
CJHandmer,justinbieber,Justin Bieber
CJHandmer,prestonjbyrne,Preston Byrne
CJHandmer,profstonge,"Peter St Onge, Ph.D."
CJHandmer,JayNagy,Jay Nagy
CJHandmer,__CJohnston__,Carter Johnston
CJHandmer,NASASpox,Bethany Stevens
finkd,joshelman,Josh Elman
finkd,mgsiegler,M.G. Siegler
finkd,adamdangelo,Adam D'Angelo
finkd,schrep,Mike Schroepfer
finkd,davemorin,Dave Morin
finkd,brandee,Brandee Barker
finkd,EmrahTokalak,Emrah Tokalak
finkd,jamescun,James Cunningham
finkd,akazan,Arda Kazan
finkd,notaleksey,lex
finkd,eraydemirok,Eray Demirok
finkd,gokhantoka,Gokhan Toka
finkd,baranakkush,baranakkush
finkd,sahin_fx,Şahin Bey
finkd,onurgultekindev,Onur Gültekin
finkd,noxistanbul,NOX Istanbul
finkd,bugrazzi,Bug Check
finkd,sherylsandberg,Sheryl Sandberg
finkd,lihanchen,Lihan Chen
finkd,RebeccaDohrman,Rebecca Dohrman
finkd,gilesbedford,Giles Bedford
finkd,chammock,Carolyn Hammock
finkd,jamkant,Jeff K
finkd,chromolume,chromolume
finkd,abshkbh,Abhishek Bhardwaj
finkd,noahedelman02,Noah Edelman
finkd,Meaningness,David Chapman
finkd,davidrdesign,DRob
finkd,Percival,Sean Percival
finkd,bunnymama_Esq,Emily
finkd,joseph_carney,Joe
finkd,ManFmNantucket,Mark L Palmer
finkd,Emc1683,Emc1683
finkd,martinschimak,Martin Schimak 
finkd,mrdavidbacon,David Bacon
finkd,roisibo,Roisin O'Brien
finkd,laurahvogel,Laura Vogel
finkd,stevefarnworth,Steve Farnworth
finkd,vladgeorgescu,Vlad Georgescu
finkd,sarahlawer,Sarah Lawer
finkd,mvanhorn,Matt Van Horn
finkd,Nuk3dawg,Roger Smith
finkd,bennop,Ben Peterson
finkd,markadams44,Chairman of the Bored
JeffDean,hugo_larochelle,Hugo Larochelle
JeffDean,drfeifei,Fei-Fei Li
JeffDean,OriolVinyalsML,Oriol Vinyals
dylan522p,IanCutress,𝐷𝑟. 𝐼𝑎𝑛 𝐶𝑢𝑡𝑟𝑒𝑠𝑠
dylan522p,dnystedt,Dan Nystedt
dylan522p,SKundojjala,Sravan Kundojjala
dylan522p,fabknowledge,Fabricated Knowledge
dylan522p,modestproposal1,modest proposal
dylan522p,pmje73,Paul Enright
dylan522p,aschilling,Andreas Schilling 
dylan522p,BucknSF,Buck
dylan522p,EricJhonsa,Eric Jhonsa
dylan522p,NonGaap,Mike
dylan522p,witeken,witeken
dylan522p,3DCenter_org,3DCenter.org
dylan522p,Srasgon,Stacy Rasgon
dylan522p,realmemes6,siliconmemes
dylan522p,PatrickMoorhead,Patrick Moorhead
dylan522p,RajaXg,Raja Koduri
dylan522p,ghost_motley,Charlie
dylan522p,Underfox3,Underfox
dylan522p,Patrick1Kennedy,Patrick J Kennedy
dylan522p,corry_wang,Corry Wang
dylan522p,playerzero_ai,PlayerZero
dylan522p,antifraudco,The Antifraud Company
dylan522p,ashebytes,ashe
dylan522p,aaronbatilo,Aaron
dylan522p,hmph29759351,hmph
dylan522p,rwang07,Ray Wang
dylan522p,JahnaviKocha,Jahnavi Kocha
dylan522p,elegantunivers9,Anjali Menon
dylan522p,noslawextratost,Cam Quilici
dylan522p,vanshcsingh,Vansh Singh
dylan522p,vitaliychiley,Vitaliy Chiley
dylan522p,powerbottomdad1,sucks
dylan522p,LiamFedus,William Fedus
dylan522p,aishdoingthings,aishwarya 
dylan522p,HaniDaou,Hani Daou
dylan522p,ellehcimnehs,Michelle Shen
dylan522p,bryan_johnson,Bryan Johnson
dylan522p,thsottiaux,Tibo
dylan522p,xiaosun86,xiao sun
dylan522p,MrMPFR,MrMPFR
dylan522p,charliewu,Charlie Wu
nbrichtova,tkipf,Thomas Kipf
nbrichtova,oddclaw,anish
nbrichtova,mreflow,Matt Wolfe
nbrichtova,icreatelife,Kris Kashtanova
nbrichtova,eliasroman,Elias Roman
nbrichtova,ronnyvotel,ronnyvotel
nbrichtova,roelofbotha,Roelof Botha
nbrichtova,thorwebdev,Thor 雷神 
nbrichtova,osanseviero,Omar Sanseviero
nbrichtova,grutzik_petra,Petra Grutzik
nbrichtova,Team_Greenfield,Greenfield Team!
nbrichtova,omarsar0,elvis
nbrichtova,medhini_n,Medhini Narasimhan
nbrichtova,ErikaCoaches, Coach Erika
nbrichtova,kelvinckchan,Kelvin Chan
nbrichtova,chipro,Chip Huyen
nbrichtova,jaywhang_,Jay Whang
nbrichtova,koraykv,koray kavukcuoglu
nbrichtova,matiii,Mati Staniszewski
nbrichtova,OriolVinyalsML,Oriol Vinyals
nbrichtova,abshkbh,Abhishek Bhardwaj
nbrichtova,StanfordAILab,Stanford AI Lab
nbrichtova,stanfordnlp,Stanford NLP Group
nbrichtova,mchang21,Ming-Wei Chang
nbrichtova,VidsSrinivasan,Vidhya Srinivasan
nbrichtova,kinwong,Ricky Wong
nbrichtova,shresbm,Shrestha Basu Mallick
nbrichtova,PeterAttiaMD,Peter Attia
nbrichtova,hubermanlab,"Andrew D. Huberman, Ph.D."
nbrichtova,bryan_johnson,Bryan Johnson
nbrichtova,willahmed,Will Ahmed
nbrichtova,nmatares,Nick Matarese
nbrichtova,shlomifruchter,Shlomi Fruchter
nbrichtova,patrickc,Patrick Collison
nbrichtova,davidpantera_,David Pantera
nbrichtova,andrewbunner,Andrew Bunner
nbrichtova,korymath,Kory Mathewson
nbrichtova,triswarkentin,Tris Warkentin
nbrichtova,GoogleDeepMind,Google DeepMind
nbrichtova,clarisse_neu,Clarisse Neu
ericho_goodfire,RyanPanwar,Ryan Panwar
ericho_goodfire,gopalkraman,Gopal
ericho_goodfire,nabla_theta,Leo Gao
ericho_goodfire,_sholtodouglas,Sholto Douglas
ericho_goodfire,tulseedoshi,Tulsee Doshi
ericho_goodfire,EricBigelow,Eric Bigelow
ericho_goodfire,johncoogan,John Coogan
ericho_goodfire,Pontifex,Pope Leo XIV
ericho_goodfire,srihita_raju,Srihita Vatsavaya
ericho_goodfire,repligate,j⧉nus
ericho_goodfire,RichardSSutton,Richard Sutton
ericho_goodfire,ARGleave,Adam Gleave
ericho_goodfire,pfau,David Pfau
ericho_goodfire,eladgil,Elad Gil
ericho_goodfire,lennysan,Lenny Rachitsky
ericho_goodfire,Irregular,Irregular
ericho_goodfire,kath_mcmahon,Kathleen McMahon
ericho_goodfire,ValthosTech,Valthos
ericho_goodfire,PJClark,Philip Clark
ericho_goodfire,PracheeAC,Prachee Avasthi
ericho_goodfire,LiamFedus,William Fedus
ericho_goodfire,sonyatweetybird,Sonya Huang 
ericho_goodfire,abshkbh,Abhishek Bhardwaj
ericho_goodfire,birenbomb,Gabby Birenbaum
ericho_goodfire,anquetil,Martin
ericho_goodfire,satyanadella,Satya Nadella
ericho_goodfire,a_jy_l,Andrew Lee
ericho_goodfire,wattenberg,Martin Wattenberg
ericho_goodfire,trq212,Thariq
ericho_goodfire,CarinaLHong,Carina Hong
ericho_goodfire,danielmurfet,Daniel Murfet
ericho_goodfire,jasonkwon,Jason Kwon
ericho_goodfire,SuryaGanguli,Surya Ganguli
ericho_goodfire,MikeMcCormick_,Mike McCormick
ericho_goodfire,HalcyonFutures,Halcyon Futures
ericho_goodfire,nterminus,Nish
ericho_goodfire,SFResearch,Salesforce AI Research
ericho_goodfire,ScottWu46,Scott Wu
ericho_goodfire,markchen90,Mark Chen
ericho_goodfire,dan_lahav,Dan Lahav
ericho_goodfire,DanielLurie,Daniel Lurie 丹尼爾·羅偉
ericho_goodfire,ArcadiaScience,Arcadia Science
pdhsu,davidrliu,David R. Liu
pdhsu,NatureBiotech,Nature Biotechnology
pdhsu,arjunrajlab,Arjun Raj
pdhsu,UrnovFyodor,Fyodor Urnov
pdhsu,anshulkundaje,Anshul Kundaje
pdhsu,NikoMcCarty,Niko McCarty.
pdhsu,ElliotHershberg,Elliot Hershberg
pdhsu,MoKhalilLab,Mo Khalil
pdhsu,NicoleGaudelli,Nicole M. Gaudelli
pdhsu,omarabudayyeh,Omar Abudayyeh
pdhsu,srikosuri,Sri Kosuri
pdhsu,sethbannon,Seth Bannon
pdhsu,SynBio1,Jake Wintermute 
pdhsu,JoshTycko,Josh Tycko
pdhsu,jgooten,Jonathan Gootenberg
pdhsu,jcornlab,Jacob Corn
pdhsu,JSheltzer,Jason Sheltzer
pdhsu,aliceyting,Alice Ting
pdhsu,jaybradner,"Jay Bradner, M.D."
pdhsu,JuliaJoung,Julia Joung
pdhsu,JeffDean,Jeff Dean
pdhsu,steipete,Peter Steinberger
pdhsu,lilianweng,Lilian Weng
pdhsu,agarwl_,Rishabh Agarwal
pdhsu,spikebrehm,Spike Brehm
pdhsu,Lingling_Wei,Lingling Wei 魏玲灵
pdhsu,frankjguzzone,Frank J. Guzzone
pdhsu,MargauxForcione,Margaux Forcione
pdhsu,kjaved_,Khurram Javed
pdhsu,ZeelMPatel,Zeel Patel
pdhsu,JeremySternLA,Jeremy Stern
pdhsu,jhanatech,Jhourney
pdhsu,israelslod,Izzy
pdhsu,vhankes,Vince Hankes
pdhsu,JessLozanoS,jess lozano schmitt
pdhsu,mmmbchang,Michael Chang
pdhsu,cmikeh2,Connor Holmes
pdhsu,McaleerStephen,Stephen McAleer
pdhsu,tejalpatwardhan,Tejal Patwardhan
pdhsu,rubicon59,rubicon59
