username,display_name
gakonst,Georgios Konstantopoulos
samczsun,samczsun
transmissions11,t11s
Fiskantes,daddy fiskantes 
tarunchitra,Tarun Chitra
statelayer,state
0xdoug,Doug Colkitt
0xtuba,tuba 
bertcmiller,@bertcmiller 
FrankieIsLost,frankie
dcbuilder,dcbuilder.eth 
danrobinson,Dan Robinson
smsunarto,Scott Sunarto
mikedemarais,mikedemarais.eth
MonetSupply,monetsupply.eth 
grugcapital,Grug 
libevm,libevm
dcfgod,DCF GOD
llllvvuu,L
0xcarnation,Carnation
testinprodcap,奶奶 capital
aradtski,Aradtski
Matthew_H_Cha,Matthew Cha
antifraudco,The Antifraud Company
OriolVinyalsML,Oriol Vinyals
JeffDean,Jeff Dean
arpandata,andy
kevingc,Kevin Chiu
lancenonce,Lance
datascraper69,HY | Sanctum
sanctumso,Sanctum 
DeFi_Cheetah,DeFi Cheetah - e/acc
0xLest,Lester
banditx0x,Whitehat Bandit
calldata,c
CupOJoseph,CupoJOSΞPH 
ballsyalchemist,"Yuki is short, so is life"
newmichwill,Michael Egorov
0xZergs,David | www.usd.ai
justinalick,Justin Alick
cocoahomology,Cocoahomology
elyx0,elyx0
catehall,Cate Hall
