username,display_name
foamshazeer,foam shazeer
typedfemale,typedfemale
nearcyan,near
eladgil,Elad Gil
dan_defr,Daniel De Freitas
sam_shleifer,Sam Shleifer
myleott,Myle Ott
IrwanBello,Irwan Bello
vinaysrao,Vinay S Rao
ThoppilanRomal,Romal Thoppilan
character_ai,Character.AI
ericjang11,Eric Jang
elonmusk,Elon Musk
chelseabfinn,Chelsea Finn
zoink,Dylan Field
chrmanning,Christopher Manning
